Date,Brent Price,WTI Price,Gold Price,Stock_Mbbl,Spread Brent-WTI,Brent 20std,Corr20_Price_Stock,Brent_Ret,Gold_Ret,Corr20_Price_Gold,Risk_Premium_Estimate,Volatility,MA20,Bias
2025-01-03,76.51,73.21,2647.4,414.642,3.3000000000000114,,,,,,-0.04534435261706804,,,
2025-01-04,76.51,73.21,2647.4,414.642,3.3000000000000114,,,0.0,0.0,,-0.04534435261706804,,,
2025-01-05,76.51,73.21,2647.4,414.642,3.3000000000000114,,,0.0,0.0,,-0.04534435261706804,,,
2025-01-06,76.3,72.92,2647.4,414.642,3.3799999999999955,,,-0.0027447392497713663,0.0,,0.034655647382916044,,,
2025-01-07,77.05,73.57,2665.4,414.642,3.480000000000004,,,0.009829619921362998,0.006799123668504992,,0.13465564738292457,,,
2025-01-08,76.16,72.67,2672.4,414.642,3.489999999999995,,,-0.011550940947436694,0.002626247467547138,,0.14465564738291548,,,
2025-01-09,76.92,73.24,2690.8,414.642,3.680000000000007,,,0.00997899159663862,0.006885196826822426,,0.3346556473829274,,,
2025-01-10,79.76,75.75,2678.6,412.68,4.010000000000005,,,0.03692147685907443,-0.004533967593280952,,0.6646556473829257,,,
2025-01-11,79.76,75.75,2678.6,412.68,4.010000000000005,,,0.0,0.0,,0.6646556473829257,,,
2025-01-12,79.76,75.75,2678.6,412.68,4.010000000000005,,,0.0,0.0,,0.6646556473829257,,,
2025-01-13,81.01,77.3,2678.6,412.68,3.710000000000008,,,0.0156720160481445,0.0,,0.36465564738292855,,,
2025-01-14,79.92,76.37,2682.3,412.68,3.549999999999997,,,-0.013455128996420207,0.0013813185992683774,,0.20465564738291775,,,
2025-01-15,82.03,78.71,2717.8,412.68,3.3200000000000074,,,0.026401401401401348,0.013234910338142614,,-0.02534435261707202,,,
2025-01-16,81.29,78.68,2750.9,412.68,2.6099999999999994,,,-0.009021089845178576,0.01217896828317011,,-0.73534435261708,,,
2025-01-17,80.79,77.88,2785.6,411.663,2.910000000000011,,,-0.006150818058801799,0.012614053582463924,,-0.4353443526170686,,,
2025-01-18,80.79,77.88,2785.6,411.663,2.910000000000011,,,0.0,0.0,,-0.4353443526170686,,,
2025-01-19,80.79,77.88,2785.6,411.663,2.910000000000011,,,0.0,0.0,,-0.4353443526170686,,,
2025-01-20,79.1,75.89,2785.6,411.663,3.2099999999999937,,,-0.020918430498824248,0.0,,-0.13534435261708566,,,
2025-01-21,78.4,75.89,2785.6,411.663,2.510000000000005,,,-0.008849557522123797,0.0,,-0.8353443526170743,,,
2025-01-22,78.15,75.44,2797.4,411.663,2.710000000000008,1.9671498885978504,-0.7755881532946438,-0.0031887755102041337,0.004236071223434834,,-0.6353443526170715,,78.8755,-0.9198039949033562
2025-01-23,77.56,74.62,2778.3,411.663,2.9399999999999977,1.9139889456866088,-0.6833562295677759,-0.0075495841330774915,-0.0068277686423107165,0.05877228163211589,-0.4053443526170817,0.2159011528568037,78.92800000000001,-1.733225217920141
2025-01-24,77.55,74.66,2752.4,415.126,2.8900000000000006,1.8581513167095638,-0.6576521786549527,-0.00012893243940181875,-0.009322247417485552,0.05853419797947848,-0.45534435261707884,0.21590772651812107,78.98,-1.8105849582172786
2025-01-25,77.55,74.66,2752.4,415.126,2.8900000000000006,1.7990014774283782,-0.6362944258801321,0.0,0.0,0.05853419797947848,-0.45534435261707884,0.21590772651812107,79.03200000000001,-1.875189796538128
2025-01-26,77.55,74.66,2752.4,415.126,2.8900000000000006,1.71902810668673,-0.6174048045461356,0.0,0.0,0.055142825842031305,-0.45534435261707884,0.21553591708799177,79.09450000000001,-1.952727433639524
2025-01-27,77.08,73.17,2752.4,415.126,3.9099999999999966,1.7171622858045448,-0.6229234808280368,-0.0060606060606061,0.0,0.033261564980745235,0.5646556473829172,0.21418006548377563,79.09599999999999,-2.5488014564579644
2025-01-28,77.49,73.77,2781.0,415.126,3.719999999999999,1.6205095852198752,-0.6133678502750524,0.005319148936170137,0.010390931550646743,0.06470187537289368,0.37465564738291945,0.21034022443876257,79.1625,-2.112742775935575
2025-01-29,76.58,72.62,2781.5,415.126,3.9599999999999937,1.6468421935711794,-0.6293355373434911,-0.011743450767841002,0.00017979144192725727,0.04709377068145722,0.6146556473829143,0.21209664994082292,79.1455,-3.241498253217176
2025-01-30,76.87,72.73,2845.2,415.126,4.140000000000001,1.7154465430625556,-0.6602715792821356,0.0037868895272918923,0.022901312241596194,0.2950824108872556,0.7946556473829212,0.1620057869810346,79.001,-2.697434209693548
2025-01-31,76.76,72.53,2857.1,423.79,4.230000000000004,1.775689339828042,-0.5746619261262309,-0.0014309873812931029,0.004182482778012142,0.3007832875751165,0.8846556473829246,0.1618751527886077,78.851,-2.6518370090423633
2025-02-01,76.76,72.53,2857.1,423.79,4.230000000000004,1.8209942339282654,-0.5880473621330771,0.0,0.0,0.3007832875751165,0.8846556473829246,0.1618751527886077,78.701,-2.4662964892440864
2025-02-02,76.76,72.53,2857.1,423.79,4.230000000000004,1.7849849623426666,-0.6074738760925396,0.0,0.0,0.3664556087380114,0.8846556473829246,0.1483489199331975,78.4885,-2.2022334482121546
2025-02-03,75.96,73.16,2857.1,423.79,2.799999999999997,1.8367204039007214,-0.6450272221257356,-0.010422094841063156,0.0,0.3756791398314286,-0.5453443526170823,0.14578732312263173,78.2905,-2.9767340865111356
2025-02-04,76.2,72.7,2875.8,423.79,3.5,1.6667677513205157,-0.691267845262791,0.003159557661927437,0.006545098176472752,0.2463369281649502,0.1546556473829206,0.10120907128567747,77.999,-2.3064398261516077
2025-02-05,74.61,71.03,2893.0,423.79,3.5799999999999983,1.6416887967160765,-0.7452444348388833,-0.020866141732283516,0.005980944432853352,0.21438769606185976,0.23465564738291889,0.11702831551448417,77.66499999999999,-3.9335608060258718
2025-02-06,74.29,70.61,2876.7,423.79,3.680000000000007,1.6338556271978915,-0.7663812302837167,-0.0042889693070633506,-0.005634289664708025,0.24355948043058653,0.3346556473829274,0.11681410371962044,77.34,-3.943625549521589
2025-02-07,74.66,71.0,2934.4,427.86,3.6599999999999966,1.5238672238057211,-0.8005666345270519,0.004980481895275224,0.020057705009212112,0.35199850980454767,0.3146556473829172,0.12044731032503467,77.0335,-3.08112704213103
2025-02-08,74.66,71.0,2934.4,427.86,3.6599999999999966,1.3330736150557325,-0.8476400108009715,0.0,0.0,0.35199850980454767,0.3146556473829172,0.12044731032503467,76.727,-2.6939669216833804
2025-02-09,74.66,71.0,2934.4,427.86,3.6599999999999966,1.2859626744193837,-0.8545224968448895,0.0,0.0,0.3552157895460948,0.3146556473829172,0.102875278538124,76.505,-2.411607084504279
2025-02-10,75.87,72.01,2934.4,427.86,3.8599999999999994,1.2120546930511071,-0.8240133612645806,0.01620680417894471,0.0,0.24510526095672183,0.51465564738292,0.12048092258733814,76.3785,-0.6657632710775911
2025-02-11,77.0,73.08,2932.6,427.86,3.9200000000000017,1.1492418553573063,-0.7229652433490406,0.014893897456174976,-0.0006134133042530188,0.183221863908031,0.5746556473829223,0.13371235040261475,76.321,0.8896633953957653
2025-02-12,75.18,71.24,2928.7,427.86,3.940000000000012,1.1373542705955506,-0.7161293402083685,-0.023636363636363567,-0.0013298779240265013,0.18183996318933715,0.5946556473829325,0.15511118575787874,76.202,-1.3411721477126473
2025-02-13,75.02,71.14,2945.4,427.86,3.8799999999999955,1.1201009118072363,-0.7064671547786922,-0.0021282255919128357,0.005702188684399312,0.20747030457491675,0.534655647382916,0.15503715481021194,76.0755,-1.3874374798719813
2025-02-14,74.74,70.71,2949.0,432.493,4.030000000000001,1.1014942004768002,-0.6988688123568002,-0.00373233804318851,0.0012222448563861121,0.2160427808878363,0.6846556473829217,0.1550886669239121,75.935,-1.5737143609666258
2025-02-15,74.74,70.71,2949.0,432.493,4.030000000000001,1.0632001098965413,-0.6793656089812479,0.0,0.0,0.2160427808878363,0.6846556473829217,0.1550886669239121,75.7945,-1.3912618989504573
2025-02-16,74.74,70.71,2949.0,432.493,4.030000000000001,1.042849714156163,-0.6637121687700637,0.0,0.0,0.2009653488008961,0.6846556473829217,0.1543698273310881,75.67750000000001,-1.238809421558606
2025-02-17,74.93,71.85,2949.0,432.493,3.0800000000000125,0.9627016535168137,-0.6001036105773161,0.0025421461065027184,0.0,0.1579734003272726,-0.2653443526170669,0.1530530949216691,75.5495,-0.8199921905505503
2025-02-18,75.43,71.85,2949.0,432.493,3.5800000000000125,0.9317589478196061,-0.5469256288205545,0.00667289470172161,0.0,0.11829669839077014,0.2346556473829331,0.15086421792072313,75.49199999999999,-0.08212790759283554
2025-02-19,75.67,72.25,2936.1,432.493,3.4200000000000017,0.8752780009500747,-0.40792678368962965,0.0031817579212514158,-0.0043743641912512565,0.030552871016268794,0.0746556473829223,0.15063994282364343,75.432,0.3155159613956935
2025-02-20,76.05,72.57,2956.1,432.493,3.480000000000004,0.8319050742911518,-0.27745557237593493,0.005021805206818941,0.006811757092742177,0.06130828560558511,0.13465564738292457,0.15198467282463574,75.3965,0.8667511091363578
2025-02-21,74.05,70.4,2949.7,430.161,3.6499999999999915,0.8187275107396148,-0.2114316479863367,-0.026298487836949325,-0.002165014715334479,0.13665883035819082,0.30465564738291206,0.1775390772658019,75.261,-1.6090671131130316
2025-02-22,74.05,70.4,2949.7,430.161,3.6499999999999915,0.7809675173511833,-0.10792806654338541,0.0,0.0,0.13665883035819082,0.30465564738291206,0.1775390772658019,75.1255,-1.4316044485560897
2025-02-23,74.05,70.4,2949.7,430.161,3.6499999999999915,0.7902764339805649,-0.038089479604511374,0.0,0.0,0.12425766792592631,0.30465564738291206,0.17460609358236276,75.03,-1.3061442089830786
2025-02-24,74.31,70.7,2949.7,430.161,3.6099999999999994,0.7552307071699376,0.11255594253684092,0.0035111411208643695,0.0,0.10086947091131764,0.26465564738292,0.17472732860573895,74.9355,-0.8347178573573304
2025-02-25,73.02,68.93,2906.0,430.161,4.089999999999989,0.8667507381623828,0.048421731977824185,-0.017359709325797446,-0.014815065938909022,0.365070751334737,0.7446556473829098,0.16986781541929807,74.85600000000001,-2.4527092016672176
2025-02-26,72.53,68.62,2917.8,430.161,3.9099999999999966,1.0054828638387896,-0.04304227316105048,-0.006710490276636505,0.004060564349621432,0.3380449706688612,0.5646556473829172,0.17070099793210583,74.768,-2.9932591482987365
2025-02-27,74.04,70.35,2895.9,430.161,3.690000000000012,1.0184616882956785,-0.04877983624873391,0.02081897146008549,-0.007505654945506923,0.15000182347111593,0.34465564738293253,0.18674106853854552,74.737,-0.9326036635133715
2025-02-28,73.18,69.76,2901.1,433.775,3.4200000000000017,1.0764664416505347,-0.17301420135500054,-0.011615343057806538,0.0017956421147138357,0.12004912463467621,0.0746556473829223,0.19095570669540138,74.663,-1.986258253753519
2025-03-01,73.18,69.76,2901.1,433.775,3.4200000000000017,1.126395742366249,-0.26539624665375433,0.0,0.0,0.12004912463467621,0.0746556473829223,0.19095570669540138,74.589,-1.8890184879807905
2025-03-02,73.18,69.76,2901.1,433.775,3.4200000000000017,1.1259871692265921,-0.25608194878578855,0.0,0.0,0.11810450390052697,0.0746556473829223,0.18001582581411185,74.4545,-1.7117837068276454
2025-03-03,71.62,68.37,2901.1,433.775,3.25,1.1284991196973286,-0.20058496249195834,-0.021317299808690904,0.0,0.10802750269384122,-0.09534435261707941,0.1815156514408443,74.1855,-3.458222968100235
2025-03-04,71.04,68.26,2920.6,433.775,2.780000000000001,1.3027269981000196,-0.24433755401435073,-0.00809829656520522,0.006721588363034714,0.0537929812460528,-0.5653443526170783,0.16646933699329716,73.9785,-3.9721000020276036
2025-03-05,69.3,66.31,2926.0,433.775,2.989999999999995,1.6449696045823272,-0.29644255142131287,-0.024493243243243423,0.0018489351503117035,0.0008258372117912141,-0.3553443526170845,0.18338603550828836,73.6925,-5.960579434813582
2025-03-06,69.46,66.36,2926.6,433.775,3.0999999999999943,1.8755413955217115,-0.38410517793228477,0.0023088023088022602,0.0002050580997949858,0.004043383351540419,-0.2453443526170851,0.18470559778916706,73.4285,-5.404577241806663
2025-03-07,70.36,67.04,2899.4,435.223,3.319999999999993,1.967791909730229,-0.4813840123321118,0.012957097610135415,-0.009294061368140483,-0.11837869616020684,-0.02534435261708623,0.1935614407066717,73.2095,-3.8922544205328626
2025-03-08,70.36,67.04,2899.4,435.223,3.319999999999993,2.031202586491107,-0.5504572046269635,0.0,0.0,-0.11837869616020683,-0.02534435261708623,0.1935614407066717,72.9905,-3.6038936573937677
2025-03-09,70.36,67.04,2899.4,435.223,3.319999999999993,2.0584040828809074,-0.6055573837080871,0.0,0.0,-0.12065544780184337,-0.02534435261708623,0.1928147123161622,72.762,-3.3011736895632353
2025-03-10,69.28,65.68,2899.4,435.223,3.5999999999999943,2.097849713647848,-0.671353521052042,-0.015349630471859,0.0,-0.13564554958304167,0.2546556473829149,0.19389750403514014,72.45450000000001,-4.381370377271264
2025-03-11,69.56,65.93,2920.9,435.223,3.6299999999999955,2.0492691893760635,-0.7347246746593498,0.004041570438799047,0.007415327309098441,-0.05349334115608787,0.28465564738291604,0.1943534983021514,72.149,-3.5884073237328282
2025-03-12,70.95,67.38,2946.8,435.223,3.5700000000000074,1.8454764040470535,-0.8039527626011898,0.01998274870615302,0.008867129994179823,0.06359651360794026,0.22465564738292798,0.21029782854612322,71.894,-1.3130442039669548
2025-03-13,69.88,66.27,2991.3,435.223,3.6099999999999994,1.8245157252209834,-0.7976694212328242,-0.015081042988019822,0.015101126645853169,-0.09684163087095882,0.26465564738292,0.19746242781662382,71.6855,-2.5186404503002824
2025-03-14,70.58,66.91,3034.1,436.968,3.6700000000000017,1.751353161054772,-0.760198995222052,0.010017172295363475,0.014308160331628406,0.013078712049450027,0.3246556473829223,0.20249723692557425,71.512,-1.3032777715628177
2025-03-15,70.58,66.91,3034.1,436.968,3.6700000000000017,1.6559725239265584,-0.7156549541214863,0.0,0.0,0.013078712049450027,0.3246556473829223,0.20249723692557425,71.3385,-1.0632407465814364
2025-03-16,70.58,66.91,3034.1,436.968,3.6700000000000017,1.5070452093940592,-0.6487404740810028,0.0,0.0,0.0160869893034439,0.3246556473829223,0.20153765015846617,71.152,-0.8039127501686569
2025-03-17,70.6,67.37,3034.1,436.968,3.2299999999999898,1.4450456193854053,-0.5979814992430236,0.00028336639274573194,0.0,-0.16614839571308235,-0.11534435261708964,0.19386265245614978,71.03099999999999,-0.6067773225774625
2025-03-18,70.12,66.9,3068.9,436.968,3.219999999999999,1.4136085775510832,-0.5802389017673864,-0.0067988668555238885,0.011469628555420108,-0.18338310737718727,-0.12534435261708055,0.1938937260833878,70.9105,-1.114785539518117
2025-03-19,70.32,67.16,3069.1,436.968,3.1599999999999966,1.210273892446051,-0.37191472996937097,0.0028522532800911993,6.516993059402232e-05,-0.03884636720959415,-0.18534435261708282,0.175980739514908,70.7245,-0.5719375888129473
2025-03-20,71.47,68.26,3071.3,436.968,3.2099999999999937,1.0811928110825157,-0.2244970773876631,0.016353811149033115,0.000716822521260374,-0.07542203419487,-0.13534435261708566,0.18459293408118602,70.639,1.176403969478621
2025-03-21,71.61,68.28,3044.0,433.627,3.3299999999999983,0.9339642447792015,-0.15672541772545542,0.0019588638589618235,-0.008888744179988972,-0.09149885618130114,-0.015344352617081114,0.18488089233282737,70.5605,1.4873760815186892
2025-03-22,71.61,68.28,3044.0,433.627,3.3299999999999983,0.7500849074742919,-0.0698159836817265,0.0,0.0,-0.09149885618130114,-0.015344352617081114,0.18488089233282737,70.482,1.6004086149655232
2025-03-23,71.61,68.28,3044.0,433.627,3.3299999999999983,0.7492893124046776,-0.0772249668296531,0.0,0.0,-0.1399676302180348,-0.015344352617081114,0.16860823283554682,70.4815,1.6011293743748396
2025-03-24,72.37,69.11,3044.0,433.627,3.260000000000005,0.8532698715435083,-0.17601885392993807,0.010613042871107536,0.0,-0.1283741627195376,-0.08534435261707429,0.1696981118150496,70.548,2.5826387707660072
2025-03-25,73.02,69.0,3039.6,433.627,4.019999999999996,0.9650383139378895,-0.40384673574814894,0.008981622219151442,-0.0014454664914586024,-0.17804948824438155,0.6746556473829166,0.14246123673059663,70.73400000000001,3.2318262787343945
2025-03-26,73.79,69.65,3037.3,433.627,4.140000000000001,1.1349309044582427,-0.5859295853662738,0.010545056149000365,-0.0007566785103302331,-0.19326597108986868,0.7946556473829212,0.14516911618709738,70.9505,4.002085961339245
2025-03-27,74.03,69.92,3075.8,433.627,4.109999999999999,1.3165840969000802,-0.6286977951772926,0.0032524732348555574,0.012675731735422913,-0.08842802897664048,0.76465564738292,0.14041000402062553,71.13399999999999,4.071189585852076
2025-03-28,73.63,69.36,3150.3,439.792,4.269999999999996,1.4147861099267913,-0.25604742438617195,-0.005403214912873211,0.02422134078938809,-0.1967280522489288,0.9246556473829166,0.143013926959937,71.2975,3.271503208387385
2025-03-29,73.63,69.36,3150.3,439.792,4.269999999999996,1.487806226771731,-0.0545644295255486,0.0,0.0,-0.1967280522489288,0.9246556473829166,0.143013926959937,71.461,3.0352220092078155
2025-03-30,73.63,69.36,3150.3,439.792,4.269999999999996,1.4700421583642116,0.05930420988013445,0.0,0.0,-0.27440543884851865,0.9246556473829166,0.1273979005712279,71.6785,2.7225737145727043
2025-03-31,74.74,71.48,3150.3,439.792,3.259999999999991,1.5321566327788163,0.185119456152275,0.015075376884422065,0.0,-0.2986003650190554,-0.0853443526170885,0.13433415720328876,71.9375,3.895742832319715
2025-04-01,74.49,71.2,3146.0,439.792,3.289999999999992,1.614345149947063,0.2655964485631974,-0.00334492908750339,-0.0013649493699013915,-0.3813893616152655,-0.05534435261708737,0.12159076352878498,72.11449999999999,3.2940670738894435
2025-04-02,74.95,71.71,3166.2,439.792,3.240000000000009,1.642814017086709,0.3234564225713702,0.006175325547053356,0.006420851875397204,-0.22912385638350147,-0.10534435261707031,0.10287798648030082,72.368,3.5678753040017797
2025-04-03,70.14,66.95,3121.7,439.792,3.1899999999999977,1.6707275440105476,0.23086259151972882,-0.06417611741160778,-0.014054702798307117,0.31254338637893214,-0.15534435261708168,0.259174372304474,72.346,-3.0492356177259325
2025-04-04,65.58,61.99,2973.6,442.345,3.5899999999999963,2.2295300425260094,-0.13333885460686673,-0.06501283147989734,-0.04744209885639228,0.6764787021583119,0.2446556473829169,0.3465749591571228,72.09599999999999,-9.037949400798924
2025-04-05,65.58,61.99,2973.6,442.345,3.5899999999999963,2.6492827231853013,-0.31337579172209284,0.0,0.0,0.6764787021583119,0.2446556473829169,0.3465749591571228,71.846,-8.721431951674422
2025-04-06,65.58,61.99,2973.6,442.345,3.5899999999999963,2.989503567307967,-0.4225401855010723,0.0,0.0,0.6765078137777621,0.2446556473829169,0.34653612378652565,71.595,-8.401424680494449
2025-04-07,64.21,60.7,2973.6,442.345,3.509999999999991,3.406044897253255,-0.5057180745227782,-0.020890515401036924,0.0,0.6853156564413857,0.1646556473829115,0.351912592149374,71.2995,-9.943267484344211
2025-04-08,62.82,59.58,2990.2,442.345,3.240000000000002,3.897041354128683,-0.5629020787073876,-0.021647718423921436,0.0055824589722894835,0.6497202389256125,-0.10534435261707742,0.35616602856047413,70.9245,-11.426939914980007
2025-04-09,65.48,62.35,3079.4,442.345,3.1300000000000026,4.078845941013946,-0.5938167061440126,0.04234320280165549,0.029830780549796154,0.7304628286515179,-0.21534435261707685,0.38774408460683607,70.625,-7.284955752212384
2025-04-10,63.33,60.07,3177.5,442.345,3.259999999999998,4.382510575842119,-0.6315125548380391,-0.03283445326817358,0.03185685523153858,0.547152103010339,-0.0853443526170814,0.40003553913048506,70.21099999999998,-9.800458617595515
2025-04-11,64.76,61.5,3226.3,442.86,3.260000000000005,4.532523724790533,-0.6671501112904467,0.02258013579662088,0.015357985837922916,0.5679626752743562,-0.08534435261707429,0.4122334381090645,69.8685,-7.311592491609227
2025-04-12,64.76,61.5,3226.3,442.86,3.260000000000005,4.6512560838868335,-0.7021276066424971,0.0,0.0,0.5679626752743562,-0.08534435261707429,0.4122334381090645,69.526,-6.854989500330799
2025-04-13,64.76,61.5,3226.3,442.86,3.260000000000005,4.717159576872902,-0.7283565922432234,0.0,0.0,0.5768329683540602,-0.08534435261707429,0.4087153487573516,69.1455,-6.342422861936053
2025-04-14,64.88,61.05,3226.3,442.86,3.8299999999999983,4.716432946289134,-0.7522485696088421,0.0018529956763433386,0.0,0.5863126650808019,0.4846556473829189,0.40620619416244186,68.7385,-5.613302588796681
2025-04-15,64.67,60.75,3240.4,442.86,3.9200000000000017,4.642630691412096,-0.7855008561735658,-0.003236744759556043,0.004370331339305089,0.6021265807998059,0.5746556473829223,0.40187533525274244,68.2825,-5.290520997327277
2025-04-16,65.85,62.47,3346.4,442.86,3.3799999999999955,4.466625094726613,-0.9498452838536071,0.018246482140095832,0.03271201086285647,0.6223727743687337,0.034655647382916044,0.4100259807727681,67.8735,-2.981281354284091
2025-04-17,67.96,64.68,3425.3,442.86,3.279999999999987,4.257048644060122,-0.9226975117168157,0.03204252088078974,0.023577575902462344,0.6721113016051466,-0.06534435261709248,0.4311594919689725,67.59,0.5474182571386157
2025-04-18,67.96,64.68,3425.3,443.104,3.279999999999987,4.015592340129239,-0.8823224282892165,0.0,0.0,0.6721113016051466,-0.06534435261709248,0.4311594919689725,67.3065,0.9709314850720123
2025-04-19,67.96,64.68,3425.3,443.104,3.279999999999987,3.7360802707480754,-0.8325901299155295,0.0,0.0,0.6721113016051466,-0.06534435261709248,0.4311594919689725,67.023,1.398027542783817
2025-04-20,67.96,64.68,3425.3,443.104,3.279999999999987,3.2785995084550033,-0.7540795331671615,0.0,0.0,0.6878948978576136,-0.06534435261709248,0.42576678533454104,66.684,1.9135024893527628
2025-04-21,65.3,63.08,3425.3,443.104,2.219999999999999,2.724103860373994,-0.6536841224262111,-0.03914067098293106,0.0,0.6786278656315045,-1.1253443526170805,0.44319857808513496,66.22449999999999,-1.3960090298907426
2025-04-22,66.48,64.31,3419.4,443.104,2.1700000000000017,1.7967511616362715,-0.3038073141589905,0.01807044410413483,-0.001722476863340483,0.6495876946121428,-1.1753443526170777,0.4495640950396643,65.801,1.0318992112581906
2025-04-23,65.18,62.27,3294.1,443.104,2.9100000000000037,1.4808713651087848,0.5581175632664458,-0.019554753309265926,-0.03664385564718964,0.6184611470701272,-0.4353443526170757,0.39730417468701157,65.553,-0.5690052324073505
2025-04-24,66.55,62.79,3348.6,443.104,3.759999999999998,1.4975920145701984,0.5980880238383014,0.021018717397974784,0.01654473148963298,0.43171739007438703,0.4146556473829186,0.33227789442549027,65.6015,1.4458510857221187
2025-04-25,66.87,63.02,3333.0,440.408,3.8500000000000014,1.524161201586048,0.13975087482627488,0.004808414725770316,-0.004658663321985279,0.4205775727695733,0.504655647382922,0.33253527438541414,65.666,1.8335211524990218
2025-04-26,66.87,63.02,3333.0,440.408,3.8500000000000014,1.5474477289018174,-0.0070437721560024915,0.0,0.0,0.4205775727695733,0.504655647382922,0.33253527438541414,65.73049999999999,1.7335939936559321
2025-04-27,66.87,63.02,3333.0,440.408,3.8500000000000014,1.5240191841585888,-0.10273601678855855,0.0,0.0,0.4140456502009114,0.504655647382922,0.3222523403953635,65.8635,1.5281605137898875
2025-04-28,65.86,62.05,3333.0,440.408,3.8100000000000023,1.3456576361331412,-0.11045813375907981,-0.015103933004336878,0.0,0.43607107857076244,0.46465564738292287,0.31660986867369084,66.0155,-0.23555074187123254
2025-04-29,64.25,60.42,3333.6,440.408,3.8299999999999983,1.398489410606373,0.013743307088812814,-0.024445794108715502,0.00018001800180011962,0.3274809809212095,0.4846556473829189,0.2931815620703201,65.954,-2.5836188858901563
2025-04-30,63.12,58.21,3319.1,440.408,4.909999999999997,1.4198527536700685,0.17933465296941067,-0.01758754863813239,-0.004349652027837769,0.6241437247184873,1.5646556473829172,0.27553991130616995,65.9435,-4.281695694041115
2025-05-01,62.13,59.24,3222.2,440.408,2.8900000000000006,1.6399602049084614,0.33391284374536884,-0.015684410646387703,-0.029194661203338246,0.6087668446914495,-0.45534435261707884,0.267261666014801,65.812,-5.594724366376945
2025-05-02,61.29,58.29,3322.3,438.376,3.0,1.9172301155022167,0.5493934504996001,-0.013520038628681896,0.03106573148780356,0.4810482926579675,-0.3453443526170794,0.2702549759218246,65.6385,-6.624922873008973
2025-05-03,61.29,58.29,3322.3,438.376,3.0,2.144457973474683,0.6659852319340517,0.0,0.0,0.4810482926579675,-0.3453443526170794,0.2702549759218246,65.465,-6.377453601160932
2025-05-04,61.29,58.29,3322.3,438.376,3.0,2.3375571481894837,0.7387101228555151,0.0,0.0,0.48218916054586264,-0.3453443526170794,0.26992880662908464,65.2855,-6.120041969503182
2025-05-05,60.23,57.13,3322.3,438.376,3.0999999999999943,2.595673069592859,0.7986417584619884,-0.017294827867515128,0.0,0.47785045418827327,-0.2453443526170851,0.27486400980263465,65.0635,-7.428896385838462
2025-05-06,62.15,59.09,3422.8,438.376,3.059999999999995,2.6675265006327513,0.8159896478800402,0.03187780175992039,0.03025012792342663,0.5159928102576422,-0.28534435261708424,0.29278186062743794,64.8785,-4.205553457616936
2025-05-07,61.12,58.07,3391.9,438.376,3.049999999999997,2.690036734243227,0.820957411931006,-0.016572807723250205,-0.00902769662264813,0.44987216057688323,-0.29534435261708225,0.2658271797982517,64.5365,-5.2939034499856765
2025-05-08,62.84,59.91,3306.0,438.376,2.930000000000007,2.5888088604198765,0.8044658466468392,0.02814136125654465,-0.02532503906365169,0.2463285631853674,-0.4153443526170726,0.2906745981460006,64.28049999999999,-2.2409595444963655
2025-05-09,63.91,61.02,3228.0,441.83,2.8899999999999935,2.4399646244197912,0.7669780681591163,0.01702737110120922,-0.023593466424682408,0.15654872636009834,-0.45534435261708595,0.2997304832508921,64.078,-0.26218046755517704
2025-05-10,63.91,61.02,3228.0,441.83,2.8899999999999935,2.262431098107331,0.7220060310677386,0.0,0.0,0.15654872636009834,-0.45534435261708595,0.2997304832508921,63.8755,0.05401131889377649
2025-05-11,63.91,61.02,3228.0,441.83,2.8899999999999935,2.237581871480432,0.7106357765028948,0.0,0.0,0.19573737165891225,-0.45534435261708595,0.2674177679013789,63.806000000000004,0.16299407579223285
2025-05-12,64.96,61.56,3228.0,441.83,3.3999999999999915,2.166668556004323,0.6868068069077328,0.016429353778751432,0.0,0.20192306500663387,0.054655647382912065,0.2659296691004146,63.730000000000004,1.9300172603169459
2025-05-13,66.63,63.25,3247.8,441.83,3.3799999999999955,2.2407350180357226,0.7129732451042765,0.025708128078817838,0.006133828996282675,0.12295853421026717,0.034655647382916044,0.27254787559309923,63.802499999999995,4.431644528035736
2025-05-14,66.09,62.68,3188.3,441.83,3.4100000000000037,2.2132411931252065,0.7031353041332885,-0.008104457451598268,-0.01832009360182274,0.08045351285647422,0.06465564738292429,0.2639877985660797,63.779500000000006,3.622637367806266
2025-05-15,64.53,61.15,3226.6,441.83,3.3800000000000026,2.1002327565243446,0.7261167897926372,-0.02360417612346799,0.01201267132954853,0.016279471431669686,0.03465564738292315,0.27581582046102554,63.6625,1.3626546239937163
2025-05-16,65.41,61.97,3261.4,443.158,3.4399999999999977,2.0061444430336204,0.7699674247576097,0.013637068030373456,0.010785346804686124,0.049551413337982866,0.09465564738291832,0.2810865444462443,63.5895,2.86289403124729
2025-05-17,65.41,61.97,3261.4,443.158,3.4399999999999977,1.9044774804872553,0.836687197093863,0.0,0.0,0.049551413337982866,0.09465564738291832,0.2810865444462443,63.51649999999999,2.981115143309224
2025-05-18,65.41,61.97,3261.4,443.158,3.4399999999999977,1.8778049895945632,0.8828992131113438,0.0,0.0,0.053284595262344886,0.09465564738291832,0.27607102771049585,63.49400000000001,3.017607962957113
2025-05-19,64.8,62.69,3261.4,443.158,2.1099999999999994,1.8934215061625537,0.8862153929752177,-0.009325791163430686,0.0,0.05973933833687044,-1.23534435261708,0.2633840544088894,63.5215,2.0127043599411127
2025-05-20,64.76,62.56,3312.6,443.158,2.200000000000003,1.9105531714797992,0.8831633008743314,-0.0006172839506171091,0.01569877966517441,0.04022710768284511,-1.1453443526170766,0.254621680259207,63.6035,1.8182961629470207
2025-05-21,64.38,61.57,3341.9,443.158,2.809999999999995,1.8852988036240497,0.8795946610680005,-0.005867819641754313,0.008845015999517036,-0.08893809122005181,-0.5353443526170842,0.24818620405978714,63.715999999999994,1.0421244271454604
2025-05-22,63.92,61.2,3323.6,443.158,2.719999999999999,1.796824318506924,0.8480132842507305,-0.007145076110593229,-0.005475926867949399,0.03766877657812233,-0.6253443526170805,0.24392948065189946,63.847500000000004,0.11355182270253025
2025-05-23,64.21,61.53,3370.27,440.363,2.6799999999999926,1.6937540833119151,0.8184537551474863,0.004536921151439222,0.014042002647731477,0.04407998882605862,-0.6653443526170868,0.24391482593678185,63.9935,0.3383156101791531
2025-05-24,64.21,61.53,3370.27,440.363,2.6799999999999926,1.5697618827134314,0.7798348318794577,0.0,0.0,0.04407998882605862,-0.6653443526170868,0.24391482593678185,64.1395,0.10991666601703406
2025-05-25,64.12,61.93,3370.27,440.363,2.190000000000005,1.2727607787793378,0.7288735991760862,-0.0014016508332034272,0.0,0.04268820616341467,-1.1553443526170746,0.23314505471961705,64.33399999999999,-0.3326390400099239
2025-05-26,64.12,61.49,3313.7,440.363,2.6300000000000026,1.1666500625380554,0.6677711177646356,0.0,-0.01678500535565408,-0.23780205323189404,-0.7153443526170769,0.20722232870358231,64.4325,-0.4850036860280138
2025-05-27,63.57,60.89,3313.7,440.363,2.6799999999999997,0.8982878450867452,0.5438890056356035,-0.008577666874610146,0.0,-0.3046533439214341,-0.6653443526170797,0.19970847749650505,64.55499999999999,-1.525830687011064
2025-05-28,64.32,61.84,3308.3,440.363,2.4799999999999898,0.8057680219903093,0.39495822151980425,0.01179801793298707,-0.001629598334188298,-0.09602762665589983,-0.8653443526170896,0.1787011330594119,64.62899999999999,-0.47811354036113435
2025-05-29,64.15,60.94,3343.9,440.363,3.210000000000008,0.7962272883642336,0.42326688936425894,-0.0026430348258704717,0.010760813710969375,0.0854087658565189,-0.13534435261707145,0.16900813340195872,64.64099999999999,-0.7595798332327555
2025-05-30,63.9,60.79,3397.2,436.059,3.1099999999999994,0.7967134795019294,0.4503986017550775,-0.0038971161340608518,0.015939471874158784,0.051340976900572294,-0.23534435261707998,0.1696468053633048,64.6405,-1.1455666339214645
2025-05-31,63.9,60.79,3397.2,436.059,3.1099999999999994,0.797199044021311,0.5029257737757674,0.0,0.0,0.051340976900572294,-0.23534435261707998,0.1696468053633048,64.64,-1.144801980198023
2025-06-01,63.9,60.79,3397.2,436.059,3.1099999999999994,0.8099389190738967,0.5258890312419612,0.0,0.0,0.07885393736299912,-0.23534435261707998,0.15824399403706274,64.587,-1.0636815458219218
2025-06-02,64.63,62.52,3397.2,436.059,2.1099999999999923,0.6526069180392495,0.5168440681695108,0.011424100156494532,0.0,0.00785889472052457,-1.235344352617087,0.13257971767152993,64.487,0.22175012017926202
2025-06-03,65.63,63.41,3377.1,436.059,2.219999999999999,0.5990466109613367,0.300415716150091,0.015472690700912839,-0.005916637230660493,-0.19433946362192941,-1.1253443526170805,0.14298369576345418,64.464,1.8087614792752493
2025-06-04,64.86,62.85,3399.2,436.059,2.009999999999998,0.6054704564908284,0.23358750939587633,-0.011732439433186026,0.006544076278463651,-0.08804726816720977,-1.3353443526170814,0.12200278274747818,64.48049999999999,0.5885500267522853
2025-06-05,65.34,63.37,3375.1,436.059,1.970000000000006,0.5999921052103866,0.045709576701094136,0.007400555041628287,-0.007089903506707462,-0.25647791211048787,-1.3753443526170734,0.1147412996183417,64.477,1.338461777067791
2025-06-06,66.47,64.58,3354.9,432.415,1.8900000000000006,0.721299995986091,-0.34887937793617313,0.017294153657789968,-0.005985007851619151,-0.32013509426518866,-1.4553443526170788,0.13018169683039735,64.53,3.0063536339686934
2025-06-07,66.47,64.58,3354.9,432.415,1.8900000000000006,0.8213666403584639,-0.5874102853499298,0.0,0.0,-0.32013509426518866,-1.4553443526170788,0.13018169683039735,64.583,2.921821531982101
2025-06-08,66.47,64.58,3354.9,432.415,1.8900000000000006,0.9231654638704976,-0.6989186322071195,0.0,0.0,-0.34525590738699113,-1.4553443526170788,0.12461663722163739,64.6665,2.7889247137234885
2025-06-09,67.04,64.22,3354.9,432.415,2.8200000000000074,1.0651734476991268,-0.78183424928454,0.008575297126523385,0.0,-0.34915520970445,-0.525344352617072,0.1269881471993437,64.78049999999999,3.4879323253139716
2025-06-10,66.87,63.91,3343.4,432.415,2.960000000000008,1.1574222720288918,-0.8301418228764038,-0.0025357995226730212,-0.003427821991713653,-0.29105200903940415,-0.38534435261707145,0.12486601578619118,64.905,3.0275017333025245
2025-06-11,69.77,66.9,3343.7,432.415,2.8699999999999903,1.5633933235784307,-0.7817334919528922,0.04336772842829362,8.972901836434843e-05,-0.2333355913208556,-0.47534435261708907,0.18863505980836479,65.1975,7.013305724912751
2025-06-12,69.36,66.64,3402.4,432.415,2.719999999999999,1.798609111741967,-0.7807567545696263,-0.005876451196789367,0.017555402697610578,-0.3176668199088403,-0.6253443526170805,0.1921630238900093,65.455,5.965930792147279
2025-06-13,74.23,71.29,3417.3,420.942,2.9399999999999977,2.6347423723051655,-0.897907306589524,0.07021337946943484,0.0043792616976252585,-0.11527451989618558,-0.4053443526170817,0.30284913833056604,65.95599999999999,12.544726787555366
2025-06-14,74.23,71.29,3417.3,420.942,2.9399999999999977,3.177826590943021,-0.9324226007453716,0.0,0.0,-0.11582593667152213,-0.4053443526170817,0.3023465969554668,66.4615,11.68872204208452
2025-06-15,74.23,71.29,3417.3,420.942,2.9399999999999977,3.5661376718708153,-0.94945301185079,0.0,0.0,-0.18924730951759935,-0.4053443526170817,0.3023465969554668,66.967,10.845640390042865
2025-06-16,71.99,71.77,3417.3,420.942,0.21999999999999886,3.6402394368906776,-0.9460461914643591,-0.030176478512730864,0.0,-0.16223818375076704,-3.1253443526170805,0.3263603550992021,67.388,6.82910904018518
2025-06-17,74.9,74.84,3406.9,420.942,0.060000000000002274,3.928279521622604,-0.9559739378750871,0.04042228087234356,-0.0030433383080209486,-0.20098077796627828,-3.285344352617077,0.34771766632246875,67.917,10.281667329240108
2025-06-18,75.14,75.14,3408.1,420.942,0.0,4.1367331059029295,-0.9634755387025935,0.0032042723631509062,0.00035222636414333763,-0.17308966611043564,-3.3453443526170794,0.345989072286319,68.4665,9.74710259762074
2025-06-19,77.08,73.82,3380.6,420.942,3.260000000000005,4.4116621464859,-0.9594127891429184,0.025818472185254127,-0.008069012059505276,-0.17119892939980624,-0.08534435261707429,0.3483277292694382,69.12550000000002,11.507330869216107
2025-06-20,75.48,74.93,3380.6,415.106,0.5499999999999972,4.449491366555559,-0.9534657646159062,-0.02075765438505439,0.0,-0.16608848471691895,-2.7953443526170823,0.36341613839866266,69.7045,8.285691741566195
2025-06-21,75.48,74.93,3380.6,415.106,0.5499999999999972,4.40765395885981,-0.9503401499363937,0.0,0.0,-0.16608848471691895,-2.7953443526170823,0.36341613839866266,70.28349999999999,7.393627238256512
2025-06-22,75.48,74.93,3380.6,415.106,0.5499999999999972,4.342424013818722,-0.9466925645778289,0.0,0.0,-0.16668977761977874,-2.7953443526170823,0.3645018958834586,70.826,6.571033236382134
2025-06-23,70.52,68.51,3380.6,415.106,2.009999999999991,4.168654301355605,-0.8852907776596353,-0.06571277159512467,0.0,-0.12285014124654128,-1.3353443526170885,0.44709138582498,71.0705,-0.7745829845013045
2025-06-24,67.14,64.37,3320.0,415.106,2.769999999999996,4.018342778336688,-0.7443303935840881,-0.04792966534316501,-0.01792581198603793,0.17191221973004858,-0.5753443526170834,0.48112565210552405,71.1845,-5.681714418166875
2025-06-25,67.68,64.92,3329.0,415.106,2.760000000000005,3.8705640483825725,-0.6097274980426458,0.008042895442359255,0.002710843373493921,0.18924289242836922,-0.5853443526170743,0.4812237461722121,71.3015,-5.079135782557166
2025-06-26,67.73,65.24,3333.9,415.106,2.490000000000009,3.7973459914718717,-0.488981225194771,0.0007387706855792597,0.001471913487533838,0.21721671473644125,-0.8553443526170703,0.47791208161572657,71.3645,-5.092868302867676
2025-06-27,67.77,65.52,3307.7,418.951,2.25,3.7194842242893005,-0.39731866423096673,0.0005905802450907327,-0.007858664027115436,0.21149324104415518,-1.0953443526170794,0.4778942295334871,71.4295,-5.123233397965838
2025-06-28,67.77,65.52,3307.7,418.951,2.25,3.638735284914851,-0.2904227068178651,0.0,0.0,0.21149324104415518,-1.0953443526170794,0.4778942295334871,71.4945,-5.209491639217012
2025-06-29,67.77,65.52,3307.7,418.951,2.25,3.595100320685034,-0.17458970260758036,0.0,0.0,0.21022490337031743,-1.0953443526170794,0.4771552160135442,71.531,-5.257860228432441
2025-06-30,67.61,65.11,3307.7,418.951,2.5,3.548106388958566,-0.02009992977141127,-0.002360926663715457,0.0,0.20800360137818685,-0.8453443526170794,0.4771385760966257,71.568,-5.530404650122958
2025-07-01,67.11,65.45,3349.8,418.951,1.6599999999999966,3.6669168176232962,0.06169902202580935,-0.007395355716609986,0.012727877377029406,0.17275749498185744,-1.6853443526170828,0.45061233641202797,71.435,-6.05445509904109
2025-07-02,69.11,67.45,3359.7,418.951,1.6599999999999966,3.674780158121905,0.25467774610856775,0.029801817910892536,0.0029554003224072645,0.262399963630196,-1.6853443526170828,0.46368561745324066,71.4225,-3.237775210892926
2025-07-03,68.8,67.0,3342.9,418.951,1.7999999999999972,3.656985960567739,0.20703566996683326,-0.004485602662422261,-0.005000446468434561,0.18336414437921772,-1.5453443526170823,0.38292341601023355,71.151,-3.3042402777192157
2025-07-04,68.3,66.49,3342.8,426.021,1.8100000000000023,3.634535335536464,0.030818704529132646,-0.007267441860465129,-2.9914146399856456e-05,0.1804552094915159,-1.5353443526170771,0.3829088327817249,70.8545,-3.6052755999971833
2025-07-05,68.3,66.49,3342.8,426.021,1.8100000000000023,3.586233326720966,-0.08606539719909778,0.0,0.0,0.18045520949151586,-1.5353443526170771,0.3829088327817249,70.558,-3.2002040874174575
2025-07-06,68.3,66.49,3342.8,426.021,1.8100000000000023,3.603561505832203,-0.15100859579043888,0.0,0.0,0.1994017989458677,-1.5353443526170771,0.370186561608307,70.3735,-2.9464215933554674
2025-07-07,69.58,67.93,3342.8,426.021,1.6499999999999915,3.444696724867891,-0.19610283826178593,0.01874084919472918,0.0,0.26125033606576015,-1.695344352617088,0.34402506905839286,70.10749999999999,-0.7524159326748056
2025-07-08,70.15,68.33,3316.9,426.021,1.8200000000000074,3.235359900259976,-0.22283657082809802,0.008192009198045413,-0.007747995692234055,0.21711584193201955,-1.525344352617072,0.3457555785518034,69.858,0.4179907812992092
2025-07-09,70.19,68.38,3321.0,426.021,1.8100000000000023,2.757409682635928,-0.27607568448889647,0.0005702066999286881,0.0012360939431397266,0.3311681571461098,-1.5353443526170771,0.328853625362917,69.5135,0.9731922576190299
2025-07-10,68.64,66.57,3325.7,426.021,2.0700000000000074,2.376280319721198,-0.19145306429207587,-0.02208291779455762,0.0014152363745858487,0.3177690336344456,-1.275344352617072,0.32975705204008954,69.17150000000001,-0.7683800409128156
2025-07-11,70.36,68.45,3359.1,422.162,1.9099999999999966,1.8861279607200572,-0.020028861183997954,0.02505827505827507,0.010042998466488262,0.39647723375821037,-1.4353443526170828,0.34592075180197507,68.91550000000001,2.096045156749919
2025-07-12,70.36,68.45,3359.1,422.162,1.9099999999999966,1.1533770780668113,0.3953606202808901,0.0,0.0,0.39647723375821037,-1.4353443526170828,0.34592075180197507,68.65950000000001,2.476714802758527
2025-07-13,70.36,68.45,3359.1,422.162,1.9099999999999966,1.1402736282874517,0.5701094206776205,0.0,0.0,0.5472430494531789,-1.4353443526170828,0.2554087665196379,68.6515,2.4886564750952287
2025-07-14,69.21,65.81,3359.1,422.162,3.3999999999999915,1.0886326527488583,0.5164530062738242,-0.016344513928368443,0.0,0.15813767816789315,0.054655647382912065,0.19400373264278786,68.755,0.6617700530870457
2025-07-15,68.71,65.37,3336.7,422.162,3.339999999999989,1.0590625198977086,0.474453799450074,-0.007224389539083997,-0.006668452859396878,0.1872386158602291,-0.005344352617090209,0.19483590537799622,68.8065,-0.1402483776968833
2025-07-16,68.52,66.38,3359.1,422.162,2.1400000000000006,1.031163879976353,0.4223947834169887,-0.002765245233590452,0.006713219648155411,0.16059015135193344,-1.2053443526170788,0.1952534124565464,68.84599999999999,-0.4735206112192334
2025-07-17,69.52,67.54,3345.3,422.162,1.9799999999999898,1.0090656178128972,0.3740285546906342,0.014594279042615232,-0.004108243279449808,0.10816764840458046,-1.3653443526170896,0.20142546970927352,68.9335,0.8508199931818361
2025-07-18,69.28,67.34,3462.9,418.993,1.9399999999999977,0.9732847260150811,0.28797105071863466,-0.0034522439585730202,0.035153797865662195,-0.014676572415764332,-1.4053443526170817,0.20210431790485345,69.00899999999999,0.39270240113610555
2025-07-19,69.28,67.34,3462.9,418.993,1.9399999999999977,0.9297055277993077,0.19666762915252128,0.0,0.0,-0.01467657241576433,-1.4053443526170817,0.20210431790485345,69.08449999999999,0.2829867770628865
2025-07-20,69.28,67.34,3462.9,418.993,1.9399999999999977,0.8628996404410217,0.0865970168684942,0.0,0.0,-0.01719655112472189,-1.4053443526170817,0.20172926728432602,69.168,0.16192458940549787
2025-07-21,68.38,67.2,3462.9,418.993,1.1799999999999926,0.7416998612714615,-0.011312783814994311,-0.012990762124711397,0.0,0.0377255452780163,-2.165344352617087,0.20586245568611683,69.2315,-1.2299314618345718
2025-07-22,67.77,66.21,3501.8,418.993,1.5600000000000023,0.8105779289784103,0.0959386486327693,-0.008920737057619199,0.011233359323110648,-0.016944347268581975,-1.7853443526170771,0.17806083907145573,69.1645,-2.0162077366279054
2025-07-23,67.83,65.25,3455.1,418.993,2.5799999999999983,0.8609871934982348,0.1627158577416023,0.0008853474988932408,-0.01333599862927648,-0.04103416471095819,-0.7653443526170811,0.17765411356252025,69.116,-1.8606400833381582
2025-07-24,68.36,66.03,3431.1,418.993,2.3299999999999983,0.8580939710529618,0.28140910152759746,0.007813651776500175,-0.006946253364591426,-0.07807553014531403,-1.0153443526170811,0.17826829741770847,69.119,-1.098106164730393
2025-07-25,68.44,65.16,3354.0,426.691,3.280000000000001,0.8516077673866252,0.2803100876113453,0.001170275014628519,-0.022470927690828035,-0.078736043557749,-0.06534435261707827,0.178307664564767,69.126,-0.9923907068252278
2025-07-26,68.44,65.16,3354.0,426.691,3.280000000000001,0.8450107442478393,0.2792583180579456,0.0,0.0,-0.078736043557749,-0.06534435261707827,0.178307664564767,69.133,-1.0024156336337176
2025-07-27,68.44,65.16,3354.0,426.691,3.280000000000001,0.8516942866394431,0.17746805516076022,0.0,0.0,-0.08353646802760566,-0.06534435261707827,0.16426523198582632,69.076,-0.920724998552313
2025-07-28,70.04,66.71,3354.0,426.691,3.3300000000000125,0.8447202900490693,0.18112020200089884,0.02337814143775585,0.0,-0.05106857633459863,-0.015344352617066903,0.18303277112007665,69.0705,1.4036383115802127
2025-07-29,72.51,69.21,3368.3,426.691,3.3000000000000114,1.1207435266960717,0.29563182036441643,0.035265562535693906,0.00426356589147292,6.1331273791238e-05,-0.04534435261706804,0.22182774161567578,69.1865,4.803682799390069
2025-07-30,73.24,70.0,3352.8,426.691,3.239999999999995,1.4315882788007304,0.45158154143375584,0.010067576885946616,-0.0046017278745954515,-0.0071624203007489475,-0.10534435261708452,0.2047737798895868,69.4165,5.5080564419122195
2025-07-31,72.53,69.26,3348.6,426.691,3.269999999999996,1.5812669803539081,0.5226923508920497,-0.009694156198798431,-0.0012526843235505236,-0.0898281214119098,-0.07534435261708339,0.1926562612940551,69.52499999999999,4.322186263933851
2025-08-01,69.67,67.33,3426.4,423.662,2.3400000000000034,1.5695741125338758,0.5317238328340147,-0.03943195918930098,0.023233590157080597,-0.3261335460065751,-1.005344352617076,0.2415991116928653,69.4905,0.2583086896770126
2025-08-02,69.67,67.33,3426.4,423.662,2.3400000000000034,1.5569889970201318,0.5425250201647065,0.0,0.0,-0.32613354600657507,-1.005344352617076,0.2415991116928653,69.456,0.30810873070720834
2025-08-03,69.67,67.33,3426.4,423.662,2.3400000000000034,1.5565613248100423,0.5423251395280375,0.0,0.0,-0.3416765982460597,-1.005344352617076,0.23412737938338007,69.479,0.2749032081636214
2025-08-04,68.76,66.29,3426.4,423.662,2.469999999999999,1.55530086783019,0.5313700098134198,-0.013061576001148212,0.0,-0.3532040278431783,-0.8753443526170805,0.2375518531057205,69.48150000000001,-1.0384059066082423
2025-08-05,67.64,65.16,3434.7,423.662,2.480000000000004,1.5958527665894575,0.49815922772813276,-0.01628853984874934,0.002422367499416156,-0.3462258338284599,-0.8653443526170754,0.244496189060986,69.4375,-2.588658865886588
2025-08-06,66.89,64.35,3433.4,423.662,2.5400000000000063,1.6940341138675405,0.45680668114925643,-0.011088113542282674,-0.0003784901155849951,-0.3240614674225017,-0.8053443526170732,0.24038175294807254,69.30600000000001,-3.4859896690041423
2025-08-07,66.43,63.88,3453.7,423.662,2.5500000000000043,1.8120917689087788,0.43608780056792773,-0.006876962176707968,0.005912506553270802,-0.42138901823135094,-0.7953443526170751,0.2409972789972178,69.1635,-3.952229138201497
2025-08-08,66.59,63.88,3404.7,426.698,2.710000000000001,1.900656119399317,0.36345574099548056,0.0024085503537558672,-0.014187682774994936,-0.4185033514278236,-0.6353443526170786,0.24141216813023883,69.02900000000001,-3.533297599559615
2025-08-09,66.59,63.88,3404.7,426.698,2.710000000000001,1.9756583845976736,0.320616663083261,0.0,0.0,-0.4185033514278236,-0.6353443526170786,0.24141216813023883,68.8945,-3.34496948232441
2025-08-10,66.59,63.88,3404.7,426.698,2.710000000000001,2.039699410258779,0.2591890374993249,0.0,0.0,-0.4208446418055292,-0.6353443526170786,0.2378516393045985,68.805,-3.219242787588116
2025-08-11,66.63,63.09,3404.7,426.698,3.539999999999992,2.085558362695707,0.17969452044093878,0.0006006907944133832,0.0,-0.40499388011799015,0.19465564738291263,0.2361575392328378,68.748,-3.080816896491547
2025-08-12,66.12,62.48,3399.0,426.698,3.6400000000000077,2.1589346178636295,0.09434442583219377,-0.007654209815398327,-0.0016741563133315651,-0.41351022471152876,0.29465564738292827,0.23731932965997285,68.66250000000001,-3.7028945931185198
2025-08-13,65.63,61.93,3408.3,426.698,3.6999999999999957,2.2628682311567245,0.04377222368231781,-0.0074107683000605995,0.00273609885260373,-0.4036004741146,0.35465564738291633,0.23582426124327382,68.526,-4.226133146542919
2025-08-14,66.84,63.96,3383.2,426.698,2.8800000000000026,2.294135314689319,0.016825360337069023,0.018436690537863898,-0.007364375201713624,-0.5186391577701485,-0.46534435261707685,0.24655594532192945,68.446,-2.3463752447184563
2025-08-15,65.85,62.8,3378.0,420.684,3.049999999999997,2.366452541585889,0.16026331422252563,-0.014811490125673399,-0.00153700638448806,-0.4948608613074396,-0.29534435261708225,0.2512660517997994,68.3165,-3.6104015867323564
2025-08-16,65.85,62.8,3378.0,420.684,3.049999999999997,2.4293687722489317,0.2479421195409544,0.0,0.0,-0.4948608613074396,-0.29534435261708225,0.2512660517997994,68.187,-3.427339522196318
2025-08-17,65.85,62.8,3378.0,420.684,3.049999999999997,2.441795877067213,0.2834268426682116,0.0,0.0,-0.5284599647038994,-0.29534435261708225,0.23324268851541285,67.9775,-3.129712037071107
2025-08-18,66.01,63.42,3378.0,420.684,2.5900000000000034,2.230175530028082,0.2656816511876798,0.0024297646165529763,0.0,-0.7723402561617136,-0.755344352617076,0.18621932793327778,67.6525,-2.4278481948191097
2025-08-19,65.3,62.35,3358.7,420.684,2.9499999999999957,1.859002208316442,0.23688480238687037,-0.010755946068777611,-0.005713439905269402,-0.726401154001916,-0.39534435261708367,0.17896632774782142,67.25550000000001,-2.9075688977109895
2025-08-20,66.31,63.21,3388.5,420.684,3.1000000000000014,1.3917254531124714,0.127213592711112,0.015467075038284817,0.008872480423973705,-0.5459380424892475,-0.245344352617078,0.19316637306647572,66.9445,-0.9478000433194701
2025-08-21,67.12,63.52,3381.6,420.684,3.6000000000000014,1.237110810676922,0.12991671908668573,0.012215352133916557,-0.0020362992474546315,-0.09466663550683566,0.254655647382922,0.15143096280239504,66.81700000000001,0.45347740844395473
2025-08-22,67.22,63.66,3404.9,418.292,3.5600000000000023,1.0463242679414206,0.09022734673233423,0.0014898688915374603,0.006890229477170662,-0.06313876944218348,0.21465564738292287,0.151760376195431,66.69449999999999,0.7879210429645745
2025-08-23,67.22,63.66,3404.9,418.292,3.5600000000000023,0.7921828603355602,0.022131724782795105,0.0,0.0,-0.06313876944218348,0.21465564738292287,0.151760376195431,66.57199999999999,0.9733822027278892
2025-08-24,67.22,63.66,3404.9,418.292,3.5600000000000023,0.6256575488395643,-0.09488580667591534,0.0,0.0,-0.061159864990818345,0.21465564738292287,0.14580778082067639,66.49499999999999,1.090307541920458
2025-08-25,68.8,64.8,3404.9,418.292,4.0,0.7736523086863608,-0.2965069134489878,0.02350490925319848,0.0,0.0006218678931821772,0.6546556473829206,0.1586539422412676,66.553,3.376256517362102
2025-08-26,67.22,63.25,3420.1,418.292,3.969999999999999,0.7846586586059022,-0.3420932322584852,-0.02296511627906972,0.00446415460072247,-0.10622693164202691,0.6246556473829195,0.17528451125076797,66.56949999999999,0.9771742314423395
2025-08-27,68.05,64.15,3435.7,418.292,3.8999999999999915,0.8503650918708991,-0.3990483784656392,0.012347515620350968,0.004561270138299989,-0.0098546690958603,0.5546556473829121,0.1780995532573475,66.6505,2.0997591916039693
2025-08-28,68.62,64.6,3474.3,418.292,4.02000000000001,0.9572031627276346,-0.4603060712370994,0.008376193975018431,0.01123497394999573,0.08308706000511505,0.6746556473829308,0.17985875706310595,66.752,2.798418024928106
2025-08-29,68.12,64.01,3512.0,420.707,4.109999999999999,1.0035897410894639,-0.46578555286110496,-0.007286505392014031,0.010851106697751911,-0.004689706926992851,0.76465564738292,0.1825386293391184,66.82849999999999,1.9325587137224591
2025-08-30,68.12,64.01,3512.0,420.707,4.109999999999999,1.0420299015807843,-0.4694167263053988,0.0,0.0,-0.004689706926992851,0.76465564738292,0.1825386293391184,66.905,1.8160077722143386
2025-08-31,68.15,63.96,3512.0,420.707,4.190000000000005,1.075800314086439,-0.47581883033809647,0.0004403992953612157,0.0,-0.004457689529441921,0.8446556473829254,0.1825464865990823,66.98100000000001,1.7452710470133272
2025-09-01,68.15,64.64,3592.2,420.707,3.510000000000005,1.086006082176961,-0.4307224882481601,0.0,0.022835990888382618,-0.04666567282887077,0.1646556473829257,0.17962589893324643,67.0825,1.5913241158275404
2025-09-02,69.14,65.59,3592.2,420.707,3.549999999999997,1.1219419255066687,-0.2644846481774334,0.014526779163609671,0.0,-0.06849923450736924,0.20465564738291775,0.18193655963406538,67.25800000000001,2.798180142139211
2025-09-03,67.6,63.97,3635.5,420.707,3.6299999999999955,1.119907890948904,-0.30834582075618366,-0.022273647671391505,0.012053894549301392,-0.0899959268430689,0.28465564738291604,0.1922439907162354,67.296,0.4517356157869528
2025-09-04,66.99,63.48,3606.7,420.707,3.509999999999998,1.0703521309408592,-0.2831772846805949,-0.00902366863905324,-0.007921881446843693,-0.06612541445853254,0.1646556473829186,0.18710506439457208,67.353,-0.5389514943655065
2025-09-05,65.5,61.87,3677.4,424.646,3.6300000000000026,1.0987048595597266,-0.4331012148602129,-0.022242125690401515,0.019602406632101443,-0.23921050100643854,0.28465564738292315,0.2044192323013985,67.3355,-2.7259023843292116
2025-09-06,65.5,61.87,3677.4,424.646,3.6300000000000026,1.1260578652043476,-0.538854177844867,0.0,0.0,-0.23921050100643854,0.28465564738292315,0.2044192323013985,67.318,-2.700614991532722
2025-09-07,65.5,61.87,3677.4,424.646,3.6300000000000026,1.1624243042697386,-0.6188245707072613,0.0,0.0,-0.23410776991701998,0.28465564738292315,0.2041884492685527,67.29249999999999,-2.663744102240205
2025-09-08,66.02,62.26,3677.4,424.646,3.759999999999998,1.107311941975344,-0.6967494380336293,0.00793893129770984,0.0,-0.3234043796633023,0.4146556473829186,0.20227671824524074,67.32849999999999,-1.9434563372123177
2025-09-09,66.39,62.63,3682.2,424.646,3.759999999999998,1.1035773170629894,-0.7239244580169263,0.005604362314450162,0.0013052700277369489,-0.38312667069550294,0.4146556473829186,0.1955983529851963,67.33250000000001,-1.3997697991311915
2025-09-10,67.49,63.67,3682.0,424.646,3.819999999999993,1.1029286372864193,-0.6769179673720009,0.016568760355475165,-5.431535495081796e-05,-0.3760309212230287,0.47465564738291377,0.1997318715682401,67.351,0.2063814939644486
2025-09-11,66.37,62.37,3673.6,424.646,4.000000000000007,1.1244099037175204,-0.7192374075574152,-0.01659505111868409,-0.0022813688212928174,-0.30252289260667986,0.6546556473829277,0.2084878070304826,67.30850000000001,-1.3943261252293613
2025-09-12,66.99,62.69,3719.0,415.361,4.299999999999997,1.1265368450064062,-0.6313144711608442,0.009341569986439424,0.012358449477351874,-0.2509854143570597,0.9546556473829177,0.21143311486238928,67.297,-0.45618675423867655
2025-09-13,66.99,62.69,3719.0,415.361,4.299999999999997,1.1285364299318388,-0.5630038408853328,0.0,0.0,-0.2509854143570597,0.9546556473829177,0.21143311486238928,67.2855,-0.43917337316361493
2025-09-14,66.99,62.69,3719.0,415.361,4.299999999999997,1.0718429775018896,-0.4744848588795944,0.0,0.0,-0.21790900828265924,0.9546556473829177,0.1922389118774083,67.19500000000001,-0.30508222337973434
2025-09-15,67.44,63.02,3719.0,415.361,4.419999999999995,1.073241033407007,-0.4670650251149701,0.006717420510524041,0.0,-0.2533575385106855,1.0746556473829152,0.17597949677465724,67.206,0.3481831979287484
2025-09-16,68.47,64.52,3725.1,415.361,3.950000000000003,1.094522727036343,-0.4985357057084195,0.015272835112692729,0.0016402258671686099,-0.27366936683227033,0.6046556473829234,0.17893439922386156,67.227,1.8489594954408124
2025-09-17,67.95,64.05,3717.8,415.361,3.9000000000000057,1.059330846385739,-0.5029662306287277,-0.007594566963633698,-0.0019596789347936516,-0.288979638930477,0.5546556473829263,0.17843440908848482,67.1935,1.1258529470856595
2025-09-18,67.44,63.57,3678.3,415.361,3.8699999999999974,1.0387415209605675,-0.512545749003917,-0.0075055187637970144,-0.010624562913551072,-0.18959052076599167,0.524655647382918,0.1785476829758003,67.15950000000001,0.417662430482641
2025-09-19,66.68,62.68,3761.6,414.754,4.000000000000007,1.0183675016515814,-0.47916731502864934,-0.011269276393831462,0.022646331185601998,-0.2634980168037095,0.6546556473829277,0.1826131165329219,67.0875,-0.6074156884665531
2025-09-20,66.68,62.68,3761.6,414.754,4.000000000000007,0.9903077671528279,-0.46549948255132195,0.0,0.0,-0.26280551436715327,0.6546556473829277,0.18257358222114126,67.014,-0.49840331870950694
2025-09-21,66.68,62.68,3761.6,414.754,4.000000000000007,0.9554964264986129,-0.469598628346208,0.0,0.0,-0.3132981146519283,0.6546556473829277,0.18257358222114126,66.9405,-0.38915155996742373
2025-09-22,65.97,62.64,3761.6,414.754,3.3299999999999983,0.8255180191848898,-0.5253619026770678,-0.010647870425914974,0.0,-0.29109239471825094,-0.015344352617081114,0.17587519584029293,66.782,-1.2158964990566286
2025-09-23,66.97,63.41,3801.8,414.754,3.5600000000000023,0.8044120114776147,-0.5634973224962552,0.01515840533575874,0.010686941726924859,-0.09693648583264823,0.21465564738292287,0.1695277418353422,66.7505,0.3288364881161886
2025-09-24,69.31,64.99,3753.4,414.754,4.320000000000007,0.9872624297835553,-0.5667246382146139,0.03494101836643271,-0.012730811720763846,-0.36373274047205234,0.974655647382928,0.2074923920604899,66.8665,3.6542962469996185
2025-09-25,69.42,64.98,3756.5,414.754,4.439999999999998,1.0858849168446028,-0.5235714501251729,0.0015870725725004586,0.0008259178344967033,-0.19398384292038182,1.0946556473829183,0.187137767904694,67.0625,3.515377446411932
2025-09-26,70.13,65.72,3855.2,416.546,4.409999999999997,1.2204416801862914,-0.4140309225147235,0.010227600115240376,0.026274457606814794,-0.07448511023195094,1.0646556473829172,0.18849718180840438,67.29400000000001,4.214343032068213
2025-09-27,70.13,65.72,3855.2,416.546,4.409999999999997,1.2988394617378929,-0.29992289146149764,0.0,0.0,-0.07448511023195094,1.0646556473829172,0.18849718180840438,67.5255,3.8570614064316473
2025-09-28,70.13,65.72,3855.2,416.546,4.409999999999997,1.3712264967037253,-0.19186192874340371,0.0,0.0,-0.06552082792419345,1.0646556473829172,0.188116581272872,67.73100000000001,3.541952724749356
2025-09-29,67.97,63.45,3855.2,416.546,4.519999999999996,1.3349354409776464,-0.08235237643024032,-0.03079994296306854,0.0,-0.022276996281262593,1.1746556473829166,0.222842030243142,67.80999999999999,0.23595339920367323
2025-09-30,67.02,62.37,3873.2,416.546,4.649999999999999,1.3449643900585417,-0.06866946160919388,-0.013976754450492956,0.004669018468562047,-0.019064945918881457,1.3046556473829192,0.22140202253166735,67.7865,-1.1307561240070039
2025-10-01,65.35,61.78,3897.5,416.546,3.569999999999993,1.4188152025357588,0.3276503735866325,-0.024917934944792663,0.0062738820613446045,-0.08339103542526688,0.22465564738291377,0.23129779353115618,67.7355,-3.5217869507127095
2025-10-02,64.11,60.48,3868.1,416.546,3.6300000000000026,1.6290367673790738,0.11922680267279576,-0.018974751338944107,-0.007543296985247028,-0.054311831471828304,0.28465564738292315,0.23681022451812855,67.5915,-5.150795588202654
2025-10-03,64.53,60.88,3976.3,420.261,3.6499999999999986,1.7641138374770753,-0.25167622220942065,0.0065512400561535955,0.027972389545254828,0.024502469221825706,0.30465564738291917,0.23871092409388603,67.46849999999999,-4.355365837390769
2025-10-04,64.53,60.88,3976.3,420.261,3.6499999999999986,1.8811124228412117,-0.4056054320880524,0.0,0.0,0.024502469221825706,0.30465564738291917,0.23871092409388603,67.3455,-4.18068022362296
2025-10-05,64.53,60.88,3976.3,420.261,3.6499999999999986,1.9831898812928208,-0.4920549446030418,0.0,0.0,0.03209967436992978,0.30465564738291917,0.2367289796997793,67.2,-3.9732142857142883
2025-10-06,65.47,61.69,3976.3,420.261,3.780000000000001,1.995492288555194,-0.508894690511057,0.014566868123353505,0.0,0.02367826671373432,0.43465564738292173,0.2360542350403785,67.05,-2.356450410141683
2025-10-07,65.45,61.73,4004.4,420.261,3.720000000000006,2.014360287639739,-0.523078270149315,-0.0003054834275240115,0.007066871211930614,0.015608745961806619,0.37465564738292656,0.23523389926635793,66.925,-2.203959656331706
2025-10-08,66.25,62.55,4070.5,420.261,3.700000000000003,2.015922082349476,-0.5141676255929316,0.012223071046600475,0.01650684247327927,0.03806507738669888,0.35465564738292343,0.2392418584870144,66.8655,-0.9205045950452734
2025-10-09,65.22,61.51,3972.6,420.261,3.710000000000001,2.049153547969712,-0.5552225093806968,-0.01554716981132076,-0.02405109937354133,0.21219936833380337,0.36465564738292144,0.24219275816234015,66.79249999999999,-2.354306246958852
2025-10-10,62.73,58.9,4133.0,423.785,3.8299999999999983,2.241858956077808,-0.6630725834854277,-0.038178472861085555,0.040376579570054805,-0.12553996906991774,0.4846556473829189,0.2757075037072888,66.595,-5.803739019445907
2025-10-11,62.73,58.9,4133.0,423.785,3.8299999999999983,2.4022311449323666,-0.7328805324641382,0.0,0.0,-0.12553996906991774,0.4846556473829189,0.2757075037072888,66.39750000000001,-5.5235513385293284
2025-10-12,62.73,58.9,4133.0,423.785,3.8299999999999983,2.537990243023606,-0.8032655327176451,0.0,0.0,-0.1370243747843596,0.4846556473829189,0.27432848555768097,66.2355,-5.292479108635105
2025-10-13,63.32,59.07,4133.0,423.785,4.25,2.6125307351501195,-0.8333922160789999,0.009405388171528806,0.0,-0.1744685080032363,0.9046556473829206,0.2701811460459109,66.053,-4.137586483581361
2025-10-14,62.39,58.27,4163.4,423.785,4.119999999999997,2.6167096655309074,-0.8335870918555895,-0.014687302590018936,0.007355431889668473,-0.04086472162152026,0.774655647382918,0.23351934879664743,65.70700000000001,-5.0481683838860505
2025-10-15,61.91,58.27,4201.6,423.785,3.6399999999999935,2.5946002125869896,-0.8281738450961424,-0.0076935406315115085,0.009175193351587785,-0.034874852201797354,0.29465564738291405,0.23229317789739828,65.33149999999999,-5.237136756388565
2025-10-16,61.06,57.46,4304.6,423.785,3.6000000000000014,2.502776563401979,-0.8326585070598186,-0.013729607494750384,0.024514470677837075,-0.16627770530907449,0.254655647382922,0.22611959927502606,64.878,-5.884891642775668
2025-10-17,61.29,57.54,4359.4,422.824,3.75,2.2987053564534508,-0.8246109484043275,0.003766786767114283,0.012730567300097473,-0.13488949522263705,0.4046556473829206,0.2280101342334057,64.436,-4.882363895958792
2025-10-18,61.29,57.54,4359.4,422.824,3.75,1.9730457353245516,-0.817607357534169,0.0,0.0,-0.13488949522263705,0.4046556473829206,0.2280101342334057,63.99399999999999,-4.225396130887261
2025-10-19,61.29,57.54,4359.4,422.824,3.75,1.824355690157109,-0.7799057877394608,0.0,0.0,-0.20231185133305274,0.4046556473829206,0.21019521134843366,63.660000000000004,-3.72290292177192
2025-10-20,60.88,57.52,4359.4,422.824,3.3599999999999994,1.7440277037871144,-0.721785848609965,-0.00668950889215203,0.0,-0.2044206874345548,0.014655647382920023,0.20767852868354583,63.352999999999994,-3.9035246949631306
2025-10-21,61.03,57.82,4109.1,422.824,3.210000000000001,1.7511833593009853,-0.702715838624858,0.0024638633377134234,-0.05741615818690626,-0.2305845204004764,-0.13534435261707856,0.19467913655581395,63.137,-3.3371873861602537
2025-10-22,62.23,58.5,4065.4,422.824,3.729999999999997,1.7466572585785938,-0.8096463357745414,0.019662461084712257,-0.010634932223601345,-0.31875312775019055,0.38465564738291746,0.2017102912179013,63.043000000000006,-1.28959599003856
2025-10-23,65.29,61.79,4145.6,422.824,3.500000000000007,1.7884774471447218,-0.7457939658847708,0.04917242487546214,0.019727456092881512,-0.13585196042607903,0.1546556473829277,0.26939955929055115,63.081,3.5018468318511173
2025-10-24,65.2,61.5,4005.5,415.966,3.700000000000003,1.8229890867814482,-0.685915719213071,-0.001378465308623067,-0.03379486684677735,-0.11475095510660606,0.35465564738292343,0.2694929429939677,63.1145,3.30431200437301
2025-10-25,65.2,61.5,4005.5,415.966,3.700000000000003,1.856223103650062,-0.680116598818871,0.0,0.0,-0.11475095510660606,0.35465564738292343,0.2694929429939677,63.148,3.249509089757394
2025-10-26,65.2,61.5,4005.5,415.966,3.700000000000003,1.8393519310653248,-0.6923982030957131,0.0,0.0,-0.11568046599088311,0.35465564738292343,0.2644305682605373,63.13449999999999,3.2715868502958205
2025-10-27,65.62,61.31,4005.5,415.966,4.310000000000002,1.8509715798660005,-0.7276674296185477,0.006441717791411117,0.0,-0.1155322405159766,0.9646556473829229,0.2654355375807978,63.14300000000001,3.922841803525326
2025-10-28,64.4,60.15,3968.7,415.966,4.250000000000007,1.729789993337503,-0.7540496573581067,-0.01859189271563544,-0.009187367369866473,-0.12377623662136858,0.9046556473829277,0.2695238311411696,63.0505,2.140347816432869
2025-10-29,64.92,60.48,3986.2,415.966,4.440000000000005,1.7111875685426088,-0.7855298868756623,0.00807453416149051,0.004409504371708728,-0.17867757896993752,1.0946556473829254,0.26595755298398105,63.0355,2.989585233717513
2025-10-30,65.0,60.57,4015.9,415.966,4.43,1.7643155822250645,-0.8059909026816592,0.0012322858903264233,0.007450704932015606,0.09701870817338794,1.0846556473829203,0.22470814635607794,63.149,2.9311628054284298
2025-10-31,65.07,60.98,4014.0,421.168,4.089999999999996,1.8120108051258215,-0.7801881953270261,0.0010769230769229754,-0.0004731193505814746,0.09743866737692135,0.7446556473829169,0.22462162394240717,63.266,2.851452596971509
2025-11-01,65.07,60.98,4014.0,421.168,4.089999999999996,1.8507128072002061,-0.7556151114897603,0.0,0.0,0.09743866737692135,0.7446556473829169,0.22462162394240717,63.383,2.66159695817489
2025-11-02,65.07,60.98,4014.0,421.168,4.089999999999996,1.8885596711719221,-0.7454347580167319,0.0,0.0,0.09557263297905248,0.7446556473829169,0.22294287962013953,63.4705,2.520068378222941
2025-11-03,64.89,61.05,4014.0,421.168,3.8400000000000034,1.89599987508277,-0.7186802419334408,-0.0027662517289072097,0.0,0.13012019552568074,0.494655647382924,0.21538166315713497,63.595499999999994,2.035521381229814
2025-11-04,64.44,60.56,3960.5,421.168,3.8799999999999955,1.8617156773138115,-0.6907615468908963,-0.006934812760055475,-0.013328350772296993,0.17714233871261598,0.534655647382916,0.2149427162357083,63.722,1.126769404601231
2025-11-05,63.52,59.6,3992.9,421.168,3.9200000000000017,1.7547784385554837,-0.6609434898995259,-0.014276846679081245,0.008180785254387146,0.24593685994150238,0.5746556473829223,0.2154850021144419,63.84499999999999,-0.5090453441929496
2025-11-06,63.38,59.43,3991.0,421.168,3.950000000000003,1.6539505338489582,-0.6411711189043142,-0.0022040302267002376,-0.00047584462420802165,0.24113127016580366,0.6046556473829234,0.2159006218428648,63.9495,-0.8905464468056793
2025-11-07,63.63,59.75,4122.0,427.581,3.8800000000000026,1.5343583435149775,-0.5588093053147611,0.0039444619753865595,0.03282385367075924,0.232064795103113,0.5346556473829231,0.2159271535777851,64.06649999999999,-0.6813233124955915
2025-11-08,63.63,59.75,4122.0,427.581,3.8800000000000026,1.394324114702308,-0.5197238652939964,0.0,0.0,0.232064795103113,0.5346556473829231,0.2159271535777851,64.18350000000001,-0.8623711701605656
2025-11-09,63.63,59.75,4122.0,427.581,3.8800000000000026,1.1687550731658627,-0.5335764301712898,0.0,0.0,0.2383117064809916,0.5346556473829231,0.21366633590730472,64.321,-1.074299217984788
2025-11-10,64.06,60.03,4122.0,427.581,4.030000000000001,0.8805552972853566,-0.596418093582787,0.006757818639006707,0.0,0.33963135408607564,0.6846556473829217,0.21425396920717638,64.4725,-0.639807669936786
2025-11-11,65.16,60.99,4116.3,427.581,4.169999999999995,0.7162320999864716,-0.5577567281603405,0.017171401810802234,-0.001382823871906802,0.40179215215807124,0.8246556473829152,0.21177718041080887,64.619,0.8372150605858908
2025-11-12,62.71,58.49,4213.6,427.581,4.219999999999999,0.8146035522674714,-0.6447504460042685,-0.03759975445058317,0.023637732915482434,-0.18430130165284703,0.8746556473829195,0.17896813352188343,64.49,-2.760117847728321
2025-11-13,63.01,58.64,4194.5,427.581,4.369999999999997,0.8600641040970299,-0.6618766649575518,0.004783926008611106,-0.004532940953104303,-0.24445480734958921,1.024655647382918,0.1805600657275842,64.3805,-2.1287501650344436
2025-11-14,64.39,59.95,4109.8,424.155,4.439999999999998,0.8382374993171556,-0.63565289422662,0.021901285510236512,-0.020193110025032768,-0.3858990521546722,1.0946556473829183,0.19900034494748145,64.34,0.07771215418090947
2025-11-15,64.39,59.95,4109.8,424.155,4.439999999999998,0.8137080492854872,-0.6031615391471354,0.0,0.0,-0.3858990521546722,1.0946556473829183,0.19900034494748145,64.2995,0.14074759523791913
2025-11-16,64.39,59.95,4109.8,424.155,4.439999999999998,0.7528584126327972,-0.5359173970290296,0.0,0.0,-0.3859696957534452,1.0946556473829183,0.19730525940316362,64.238,0.23662006911796912
2025-11-17,63.76,59.91,4109.8,424.155,3.8500000000000014,0.7591851587468239,-0.5645561203761167,-0.0097841279701818,0.0,-0.483819328058902,0.504655647382922,0.18912084509878968,64.206,-0.6946391302993569
2025-11-18,64.43,60.74,4101.7,424.155,3.690000000000005,0.7426572135517039,-0.5318209690479208,0.010508155583438095,-0.00197089882719359,-0.503903480888821,0.3446556473829254,0.1907626872566093,64.1815,0.3871832225797263
2025-11-19,63.0,59.44,4118.2,424.155,3.5600000000000023,0.7610676365256049,-0.45093046371392237,-0.02219462983082421,0.004022722285881519,-0.4955038160749797,0.21465564738292287,0.20578493993370378,64.0815,-1.687694576437826
2025-11-20,62.8,59.14,4095.7,424.155,3.6599999999999966,0.7750286921672205,-0.3663658437259172,-0.0031746031746032743,-0.00546355203729787,-0.48594638574209326,0.3146556473829172,0.2056373910738578,63.968,-1.825912956478249
2025-11-21,61.94,58.06,4113.1,426.929,3.8799999999999955,0.8528976923889493,-0.35267370530628195,-0.013694267515923508,0.004248358034035782,-0.4873779951140125,0.534655647382916,0.20984401331092012,63.8115,-2.9328569301771696
2025-11-22,61.94,58.06,4113.1,426.929,3.8799999999999955,0.8959000179168486,-0.3181665199232678,0.0,0.0,-0.4873779951140125,0.534655647382916,0.20984401331092012,63.654999999999994,-2.694210981069824
2025-11-23,61.94,58.06,4113.1,426.929,3.8799999999999955,0.9242628641806253,-0.2694142501652178,0.0,0.0,-0.4882683981888131,0.534655647382916,0.21000582378734087,63.50750000000001,-2.46821241585641
2025-11-24,63.37,58.84,4113.1,426.929,4.529999999999994,0.8980411431192552,-0.1942017097548061,0.023086858249919295,0.0,-0.5157089031706871,1.1846556473829146,0.22742008590610746,63.45400000000001,-0.13237936142719178
2025-11-25,62.48,57.95,4159.8,426.929,4.529999999999994,0.9237600508665824,-0.23478981675209593,-0.014044500552311878,0.011353966594539244,-0.5242821632126312,1.1846556473829146,0.2272380608739444,63.402,-1.4542128008580237
2025-11-26,63.13,58.65,4202.3,426.929,4.480000000000004,0.9257627012066584,-0.298515674499289,0.010403329065300948,0.010216837347949426,-0.4838598300943661,1.1346556473829246,0.23053399917036632,63.3895,-0.40937379218955133
2025-11-27,63.34,59.0,4274.8,426.929,4.340000000000003,0.9240670971298982,-0.3180120471385588,0.0033264691905592336,0.01725245698784006,-0.6158342694425706,0.994655647382924,0.23040071465862724,63.375,-0.05522682445758831
2025-11-28,63.2,58.55,4274.8,427.503,4.650000000000006,0.9228233280183771,-0.34172909480872843,-0.002210293653299611,0.0,-0.6138547213654522,1.3046556473829263,0.2305180299824745,63.3535,-0.24229127041125428
2025-11-29,63.2,58.55,4274.8,427.503,4.650000000000006,0.9210497443553268,-0.3659658444550744,0.0,0.0,-0.6138547213654522,1.3046556473829263,0.2305180299824745,63.33200000000001,-0.20842544053559808
2025-11-30,63.2,58.55,4274.8,427.503,4.650000000000006,0.9052123914763125,-0.42032365974756947,0.0,0.0,-0.6126857665071511,1.3046556473829263,0.22904122644296507,63.289,-0.14062475311665318
2025-12-01,63.17,59.32,4274.8,427.503,3.8500000000000014,0.7908787584227723,-0.6081401312351563,-0.0004746835443038,0.0,-0.6164993643819316,0.504655647382922,0.2192624102552428,63.189499999999995,-0.030859557363159443
2025-12-02,62.45,58.64,4220.8,427.503,3.8100000000000023,0.8012442626434709,-0.6156484450748824,-0.011397815418711432,-0.012632169926078407,-0.27726474737430173,0.46465564738292287,0.17778264414491465,63.1765,-1.1499529097053405
2025-12-03,62.67,58.95,4232.5,427.503,3.719999999999999,0.8085365271819798,-0.6312648957730785,0.0035228182546036546,0.002771986353298006,-0.26004279099917005,0.37465564738291945,0.17737450169306934,63.1595,-0.7750219681916412
2025-12-04,63.26,59.67,4243.0,427.503,3.5899999999999963,0.7557854053535153,-0.5649562978355329,0.009414392851444076,0.0024808033077377,0.048268625168089656,0.2446556473829169,0.16156100269879242,63.102999999999994,0.24879958163637797
2025-12-05,63.75,60.08,4217.7,425.691,3.6700000000000017,0.7106253732105497,-0.506293416537174,0.007745810938982078,-0.005962762196559113,-0.003103540898783791,0.3246556473829223,0.1644068895669025,63.071000000000005,1.0765645066670815
2025-12-06,63.75,60.08,4217.7,425.691,3.6700000000000017,0.6607643102364141,-0.42739657961312116,0.0,0.0,-0.003103540898783791,0.3246556473829223,0.1644068895669025,63.039,1.1278732213391687
2025-12-07,63.75,60.08,4217.7,425.691,3.6700000000000017,0.6601935521601094,-0.3896895012293687,0.0,0.0,-0.013670995538872546,0.3246556473829223,0.16066373365956413,63.0385,1.128675333328047
2025-12-08,62.49,58.63,4217.7,425.691,3.8599999999999994,0.5829893471971319,-0.15976700606831,-0.019764705882352906,0.0,0.036144220764584456,0.51465564738292,0.17016028990518095,62.9415,-0.7173327613736499
2025-12-09,61.94,58.08,4236.2,425.691,3.8599999999999994,0.6241227527692554,-0.06820912128230304,-0.008801408225316165,0.004386276880764317,0.06705563201135245,0.51465564738292,0.15444347086670365,62.8885,-1.5082248741820885
2025-12-10,62.21,58.3,4224.7,425.691,3.9100000000000037,0.6422075414643927,-0.02794677490024373,0.004359057152082624,-0.00271469713422412,0.03452831459330818,0.5646556473829243,0.1552224080678507,62.859,-1.0324694952194609
2025-12-11,61.28,57.45,4313.0,425.691,3.8299999999999983,0.7057314234914057,0.14506071278947802,-0.014949365053849806,0.02090089237105608,-0.14392123561199294,0.4846556473829189,0.1567021742794684,62.826,-2.460764651577372
2025-12-12,61.12,57.24,4335.2,424.417,3.8799999999999955,0.7798414143765906,0.39746675422211286,-0.0026109660574412663,0.005147229306746937,-0.1465382977025025,0.534655647382916,0.15686805173085816,62.785000000000004,-2.651907302699699
2025-12-13,61.12,57.24,4335.2,424.417,3.8799999999999955,0.845404916996664,0.5522412256563347,0.0,0.0,-0.1465382977025025,0.534655647382916,0.15686805173085816,62.74400000000001,-2.58829529516768
2025-12-14,61.12,57.24,4335.2,424.417,3.8799999999999955,0.9053017816106278,0.6153413620071904,0.0,0.0,-0.12502576230575116,0.534655647382916,0.12963516685560775,62.631499999999996,-2.4133223697340767
2025-12-15,60.56,56.82,4335.2,424.417,3.740000000000002,1.0171087764618774,0.6808361288499409,-0.009162303664921434,0.0,-0.016270811167497762,0.3946556473829226,0.12456527690980489,62.5355,-3.159005684771045
2025-12-16,58.92,55.27,4332.3,424.417,3.6499999999999986,1.287345289630827,0.6949970963296304,-0.02708058124174373,-0.0006689426093374751,-0.05219227426494075,0.30465564738291917,0.14613228422775645,62.325,-5.463297232250302
2025-12-17,59.68,55.94,4373.9,424.417,3.740000000000002,1.39140065742096,0.7149402995503908,0.012898845892735933,0.009602289776792894,-0.029835778863476225,0.3946556473829226,0.1556220833874147,62.14200000000001,-3.9618937272698176
2025-12-18,59.82,56.15,4364.5,424.417,3.6700000000000017,1.4597227566608488,0.7266525737488376,0.0023458445040214215,-0.0021491117766752055,-0.042933030322243444,0.3246556473829223,0.15673619219753962,61.973,-3.474093556871539
2025-12-19,60.47,56.66,4469.4,424.822,3.8100000000000023,1.4665723554199221,0.7228663497049951,0.010865931126713413,0.024034826440600288,0.1558932042984853,0.46465564738292287,0.1638031693501527,61.8365,-2.2098598724054597
2025-12-20,60.47,56.66,4469.4,424.822,3.8100000000000023,1.4600180244012895,0.7143853232655318,0.0,0.0,0.1558932042984853,0.46465564738292287,0.1638031693501527,61.7,-1.9935170178282071
2025-12-21,60.47,56.66,4469.4,424.822,3.8100000000000023,1.441652925600473,0.7017985784648294,0.0,0.0,0.155155074196624,0.46465564738292287,0.16387638150436418,61.56500000000001,-1.778607975310668
2025-12-22,61.58,58.01,4469.4,424.822,3.5700000000000003,1.4265906173360807,0.7197366396214604,0.018356209690755687,0.0,0.029471794603104916,0.22465564738292088,0.17520298097221368,61.5215,0.09508870882536204
2025-12-23,61.87,58.38,4505.7,424.822,3.489999999999995,1.403725400495997,0.7433810028524146,0.004709321208184569,0.008121895556450598,0.046879697361769196,0.14465564738291548,0.1756272656631021,61.4815,0.6318974000309046
2025-12-24,61.8,58.35,4527.5,424.822,3.4499999999999957,1.3430181054537496,0.7827121829433521,-0.0011314045579440268,0.0048383159109572915,0.052528699907107054,0.10465564738291633,0.17160814087615756,61.408500000000004,0.6375338918879202
2025-12-25,60.64,56.74,4527.5,424.822,3.8999999999999986,1.233194823895157,0.7585129446065004,-0.018770226537216828,0.0,0.14719374215890632,0.5546556473829192,0.17910552021299464,61.253,-1.0007673093562757
2025-12-26,60.64,56.74,4327.0,422.888,3.8999999999999986,1.0894657068092375,0.6027493191232154,0.0,-0.044284925455549407,0.04358676669670366,0.5546556473829192,0.17910552021299464,61.097500000000004,-0.7488031425181113
2025-12-27,60.64,56.74,4327.0,422.888,3.8999999999999986,0.8956538335044457,0.4990115475982196,0.0,0.0,0.04358676669670366,0.5546556473829192,0.17910552021299464,60.94199999999999,-0.49555314889565905
2025-12-28,60.64,56.74,4327.0,422.888,3.8999999999999986,0.8196756418805184,0.404983952043937,0.0,0.0,0.036325668473351724,0.5546556473829192,0.16708121383915886,60.8495,-0.34429206484851715
2025-12-29,61.94,58.08,4327.0,422.888,3.8599999999999994,0.8196756418805184,0.16046328121761783,0.021437994722955045,0.0,0.032384457984488565,0.51465564738292,0.18313880881102268,60.8495,1.7921264759776148
2025-12-30,61.92,57.95,4386.3,422.888,3.969999999999999,0.7965815120002834,-0.10048933677781349,-0.0003228931223764331,0.013704645250751213,0.03727076731824355,0.6246556473829195,0.18243499426467585,60.834999999999994,1.7835127804717812
2025-12-31,60.85,57.42,4361.55,422.888,3.4299999999999997,0.7897119728087544,-0.16204492309279914,-0.0172803617571059,-0.005642568907735401,0.18581870538018075,0.08465564738292031,0.1851075272259768,60.8135,0.06001956802355357
2026-01-01,60.75,57.32,4361.55,422.888,3.4299999999999997,0.7864811705161405,-0.15921048573073412,-0.0016433853738702098,0.0,0.1908284248426862,0.08465564738292031,0.18497824486642173,60.795,-0.07401924500370377
2026-01-02,60.75,57.32,4329.6,419.056,3.4299999999999997,0.7827769393892443,-0.09935026315302713,0.0,-0.007325377446091408,0.18839269787805765,0.08465564738292031,0.18497824486642173,60.7765,-0.04360237920906705
2026-01-03,60.75,57.32,4329.6,419.056,3.4299999999999997,0.7785925223035199,-0.08834599110597312,0.0,0.0,0.18839269787805765,0.08465564738292031,0.18497824486642173,60.758,-0.01316699035518396
2026-01-04,60.75,57.32,4329.6,419.056,3.4299999999999997,0.7772073827408996,-0.0683967760862268,0.0,0.0,0.19148914828360103,0.08465564738292031,0.18195031770867143,60.767500000000005,-0.028798288558860245
2026-01-05,61.76,58.08,4451.5,419.056,3.6799999999999997,0.6745561893786864,-0.11380215024828275,0.016625514403292074,0.02815502586844043,0.3365852836461837,0.3346556473829203,0.15976335516639648,60.9095,1.396333905220034
2026-01-06,60.7,56.94,4496.1,419.056,3.760000000000005,0.6124023015509447,-0.010223699471038997,-0.01716321243523311,0.010019094687184094,0.22917345274772635,0.4146556473829257,0.16894609832984922,60.9605,-0.4273258913558786
2026-01-07,59.96,55.99,4462.5,419.056,3.969999999999999,0.5993406464806497,0.19613049044123337,-0.012191103789126911,-0.007473143390938852,0.259134373558785,0.6246556473829195,0.17506708215517686,60.967499999999994,-1.6525197851314115
2026-01-08,61.99,57.76,4460.7,419.056,4.230000000000004,0.628593040467247,0.12222475502090369,0.03385590393595739,-0.0004033613445378892,0.15198229276627875,0.8846556473829246,0.20935150997382623,61.043499999999995,1.5505336358498572
2026-01-09,63.34,59.12,4500.9,422.447,4.220000000000006,0.7960633405093054,0.17313775601160825,0.02177770608162599,0.009012038469298433,0.1916848455227963,0.8746556473829266,0.22144732593748226,61.187,3.518721297007544
2026-01-10,63.34,59.12,4500.9,422.447,4.220000000000006,0.9104682138431042,0.24141701584868705,0.0,0.0,0.1916848455227963,0.8746556473829266,0.22144732593748226,61.330499999999994,3.27651005617109
2026-01-11,63.34,59.12,4500.9,422.447,4.220000000000006,1.014916511991704,0.2409599059747179,0.0,0.0,0.20131358918255765,0.8746556473829266,0.21335741328443478,61.418499999999995,3.128536190235856
2026-01-12,63.87,59.32,4614.7,422.447,4.549999999999997,1.1511334231497115,0.23567683151596527,0.008367540258920059,0.025283832122464434,0.22464524335146885,1.2046556473829177,0.21448054038117878,61.5185,3.8224273998878298
2026-01-13,65.47,60.93,4599.1,422.447,4.539999999999999,1.451654591364367,0.24970759440677823,0.02505088460936289,-0.003380501441046957,0.18725305796209982,1.1946556473829197,0.22953888141222648,61.702,6.106771255388805
2026-01-14,66.52,62.02,4635.7,422.447,4.499999999999993,1.7828906156481232,0.36200036987220613,0.016037879945012934,0.0079580787545388,0.21101441974722318,1.1546556473829135,0.21878069548585918,61.996,7.297244983547316
2026-01-15,63.76,59.19,4623.7,422.447,4.57,1.7944581354820601,0.42751361392906756,-0.04149128081779918,-0.002588605820048717,0.2658365681726789,1.2246556473829209,0.27342183267034625,62.152,2.5872055605612
2026-01-16,64.13,59.44,4595.4,426.049,4.689999999999998,1.809315878271731,0.5256207179109114,0.005803011292346172,-0.006120639314834531,0.24891421292753035,1.3446556473829183,0.27345092931465415,62.32650000000001,2.89363272444303
2026-01-17,64.13,59.44,4595.4,426.049,4.689999999999998,1.8063947811209415,0.6019335246579057,0.0,0.0,0.24891421292753035,1.3446556473829183,0.27345092931465415,62.501,2.6063582982672244
2026-01-18,63.22,58.97,4680.64,426.049,4.25,1.8081467686114236,0.5972164318248528,-0.014189926711367429,0.01854898376637526,0.18649343311586172,0.9046556473829206,0.27072162922839554,62.565,1.0469112123391693
2026-01-19,63.22,59.39,4671.15,426.049,3.8299999999999983,1.8071058571498262,0.5951236447926883,0.0,-0.0020275005127505796,0.19623532117206305,0.4846556473829189,0.2707005678749007,62.63000000000001,0.9420405556442425
2026-01-20,64.19,60.34,4800.8,426.049,3.8499999999999943,1.7881837301098145,0.6472444480464943,0.015343245808288497,0.02775547777313947,0.21567406863629074,0.5046556473829149,0.2659237435908242,62.797000000000004,2.218258834020723
2026-01-21,64.53,60.62,4873.1,426.049,3.9100000000000037,1.759980263046633,0.7061658385980153,0.0052967751986290335,0.015059990001666357,0.21264831464969708,0.5646556473829243,0.26552331532159007,62.986000000000004,2.451338392658681
2026-01-22,63.34,59.36,4949.4,426.049,3.980000000000004,1.6802771544561936,0.6632504569250024,-0.018441035177436782,0.01565738441649045,0.14540801040257037,0.6346556473829246,0.27628144410007605,63.1155,0.35569709500836744
2026-01-23,65.07,61.07,5017.0,423.754,3.999999999999993,1.6373061154797661,0.6233092509721342,0.027312914430059898,0.013658221198529219,0.17394841446209827,0.6546556473829135,0.2900212933302115,63.33149999999999,2.745079462826559
2026-01-24,65.07,61.07,5017.0,423.754,3.999999999999993,1.5620461446105691,0.5677602152807095,0.0,0.0,0.17394841446209827,0.6546556473829135,0.2900212933302115,63.54749999999999,2.395845627286677
2026-01-25,65.07,61.07,5017.0,423.754,3.999999999999993,1.5378525697588257,0.5187473273675637,0.0,0.0,0.11833480217755322,0.6546556473829135,0.28609534092088484,63.713,2.1298636071131356
2026-01-26,65.59,60.63,5102.4,423.754,4.960000000000001,1.4176365616936908,0.3921836789934064,0.007991393883510334,0.01702212477576226,0.15573186291300792,1.6146556473829214,0.2766290935564964,63.957499999999996,2.5524762537622756
2026-01-27,67.57,62.39,5101.4,423.754,5.179999999999993,1.3050251056259166,0.07746660240586865,0.030187528586674617,-0.00019598620257132993,0.03866118379047799,1.8346556473829132,0.28446782910796947,64.338,5.023469800118126
2026-01-28,68.4,63.21,5321.0,423.754,5.190000000000005,1.4741822889489762,-0.21794841156545794,0.012283557791919586,0.043047006704042046,0.1466049708049807,1.8446556473829254,0.26632402481485135,64.6585,5.786555518609312
2026-01-29,70.71,65.42,5354.8,423.754,5.289999999999992,1.9662604100165073,-0.2522297453751922,0.03377192982456112,0.006352189438075584,0.12251564558222522,1.9446556473829126,0.27938864863792745,65.027,8.73944669137434
2026-01-30,70.69,65.21,4745.1,420.299,5.480000000000004,2.293926706946076,-0.5141479761445132,-0.0002828454249751422,-0.11386046164189134,0.11897070930948472,2.1346556473829246,0.27946652356989427,65.39450000000001,8.09777580683389
2026-01-31,70.69,65.21,4745.1,420.299,5.480000000000004,2.524616906842349,-0.6751279053189996,0.0,0.0,0.11897070930948472,2.1346556473829246,0.27946652356989427,65.762,7.493689364678685
2026-02-01,70.69,65.21,4745.1,420.299,5.480000000000004,2.709437890819614,-0.7767042102078058,0.0,0.0,0.11522908233658405,2.1346556473829246,0.2799660909812814,66.103,6.93917068816847
2026-02-02,66.3,62.14,4652.6,420.299,4.159999999999997,2.705585791225762,-0.7440020016079198,-0.0621021360871411,-0.019493793597605946,0.2023539167111323,0.8146556473829172,0.3581506164524207,66.1445,0.23509135302255446
2026-02-03,67.33,63.21,4935.0,420.299,4.119999999999997,2.717538553447258,-0.7321049724289835,0.015535444947209598,0.06069724455143355,0.23978652289569224,0.774655647382918,0.3578728430030716,66.185,1.7299992445418084
2026-02-04,69.46,65.14,4950.8,420.299,4.319999999999993,2.748547941999972,-0.7971926779046399,0.03163522946680519,0.0032016210739616024,0.23254961165137697,0.9746556473829138,0.33662569909691015,66.47,4.498269896193764
2026-02-05,67.55,63.29,4889.5,420.299,4.259999999999998,2.7012841001035643,-0.7747409463843674,-0.027497840483731606,-0.012381837278823693,0.25685242562384497,0.9146556473829186,0.3551689522349326,66.641,1.3640251496826155
2026-02-06,68.05,63.55,4979.8,428.829,4.5,2.6512521371486963,-0.6095011333294952,0.007401924500370027,0.01846814602720115,0.2591173359999664,1.1546556473829206,0.3553551227246675,66.837,1.8148630249711892
2026-02-07,68.05,63.55,4979.8,428.829,4.5,2.521234607760089,-0.4789456220186847,0.0,0.0,0.28407463119850596,1.1546556473829206,0.3496627089496093,67.07849999999999,1.4483031075531
2026-02-08,68.05,63.55,4979.8,428.829,4.5,2.3582464493322757,-0.3752647133293104,0.0,0.0,0.28363133649706573,1.1546556473829206,0.3496627089496093,67.32,1.0843731431966785
2026-02-09,69.04,64.2,5079.4,428.829,4.840000000000003,2.267047407392994,-0.2558472582713626,0.014548126377663673,0.02000080324511022,0.27866737161111765,1.494655647382924,0.3493294713989391,67.5625,2.1868640148011194
2026-02-10,68.8,63.79,5031.0,428.829,5.009999999999998,2.1652066875933405,-0.1654185984815665,-0.0034762456546930665,-0.009528684490294093,0.2828425418851615,1.6646556473829186,0.3502450862051468,67.776,1.5108593012275746
2026-02-11,69.4,64.46,5098.5,428.829,4.940000000000012,1.922133956665722,-0.0502826898619026,0.008720930232558155,0.013416815742397059,0.317770679787896,1.5946556473829325,0.3408807242796794,68.079,1.9403927789773827
2026-02-12,67.52,62.65,4948.4,428.829,4.869999999999997,1.7940787842816595,-0.08527812626270591,-0.02708933717579265,-0.029440031381778975,0.35058556333684776,1.524655647382918,0.3478572381956016,68.2015,-0.9992448846432994
2026-02-13,67.75,62.75,5046.3,419.815,5.0,1.6414706980725062,-0.08330149327446283,0.0034063981042653513,0.019784172661870603,0.34923481674721657,1.6546556473829206,0.34779705401447036,68.3355,-0.8568021013967795
2026-02-14,67.75,62.75,5046.3,419.815,5.0,1.4602504291348684,-0.07391398895304245,0.0,0.0,0.34923481674721657,1.6546556473829206,0.34779705401447036,68.4695,-1.050832852583992
2026-02-15,67.97,62.76,5039.06,419.815,5.210000000000001,1.3015993198649147,-0.060491447395470285,0.0032472324723247237,-0.0014347145433287745,0.34496138973602414,1.8646556473829214,0.3471657640307847,68.5885,-0.9017546673276094
2026-02-16,67.97,63.57,5010.11,419.815,4.399999999999999,1.288129100263827,-0.03479623754256542,0.0,-0.005745119129361598,0.36223981796602295,1.0546556473829192,0.3308267426063581,68.6085,-0.9306427046211586
2026-02-17,66.87,62.33,4905.9,419.815,4.540000000000006,1.3453256307045844,0.02492532458757877,-0.016183610416360072,-0.020799942516232184,0.35469460211145176,1.1946556473829268,0.33281056952129734,68.532,-2.4251444580633748
2026-02-18,69.77,65.19,5009.5,419.815,4.579999999999998,1.2800678435964339,-0.02653374592754924,0.04336772842829362,0.021117430033225304,0.39015372919518526,1.2346556473829189,0.34749554227046126,68.48499999999999,1.8763232824706302
2026-02-19,71.27,66.43,4997.4,419.815,4.839999999999989,1.3379143234307682,-0.0525128637884983,0.02149921169557123,-0.0024154107196328045,0.6236963328840927,1.4946556473829098,0.3561196861229136,68.514,4.022535540181569
2026-02-20,71.3,66.39,5080.9,435.804,4.909999999999997,1.395830162342244,0.2608777724978579,0.0004209344745333965,0.016708688518029424,0.6157934084615388,1.5646556473829172,0.3561126202480849,68.5445,4.02001619385946
2026-02-21,71.3,66.39,5080.9,435.804,4.909999999999997,1.4507620502049638,0.4820666239950095,0.0,0.0,0.6157934084615388,1.5646556473829172,0.3561126202480849,68.575,3.9737513671162876
2026-02-22,71.3,66.39,5080.9,435.804,4.909999999999997,1.4687893331796578,0.540985543841586,0.0,0.0,0.6021189286111037,1.5646556473829172,0.26832890632502493,68.825,3.5960770069015533
2026-02-23,71.49,66.31,5207.5,435.804,5.179999999999993,1.538820806229059,0.5824003737719864,0.0026647966339410356,0.024916845440768443,0.6402325909976064,1.8346556473829132,0.2647132599782861,69.03299999999999,3.5591673547433955
2026-02-24,70.77,65.63,5157.8,435.804,5.140000000000001,1.5851358068995374,0.6415993648186062,-0.010071338648762085,-0.009543927028324517,0.7058319496228036,1.7946556473829212,0.24588147072436173,69.0985,2.4190105429206055
2026-02-25,70.85,65.42,5208.0,435.804,5.429999999999993,1.587216282147802,0.6452873283541153,0.0011304224954076236,0.00973283182752338,0.6851779738948655,2.084655647382913,0.2216001728081647,69.2635,2.2905282002786476
2026-02-26,70.75,65.21,5194.2,435.804,5.540000000000006,1.593381954407329,0.6796260134002442,-0.0014114326040930436,-0.0026497695852535363,0.6893870821996327,2.194655647382927,0.22121147903633423,69.39849999999998,1.9474484318825567
2026-02-27,72.48,67.02,5247.9,439.279,5.460000000000008,1.700377667027454,0.738352393513245,0.024452296819788,0.010338454429940969,0.6857400143019503,2.1146556473829285,0.23483162157217113,69.61999999999999,4.108014938236159
2026-02-28,72.48,67.02,5247.9,439.279,5.460000000000008,1.772121164325994,0.7833638076027468,0.0,0.0,0.6857400143019503,2.1146556473829285,0.23483162157217113,69.8415,3.777839823027867
2026-03-01,72.48,67.02,5247.9,439.279,5.460000000000008,1.8552266849717112,0.8051607433460968,0.0,0.0,0.6732844443284655,2.1146556473829285,0.23120765222768622,70.0135,3.5228920136830912
2026-03-02,77.74,71.23,5311.6,439.279,6.509999999999991,2.5091988132091543,0.7484329038166028,0.07257174392935961,0.012138188608777023,0.5681829394724938,3.1646556473829115,0.337938476600635,70.4605,10.331320385180348
2026-03-03,81.4,74.56,5123.7,439.279,6.840000000000003,3.4866172340596897,0.6857566073374975,0.04708001029071274,-0.035375404774456,0.23695897822730919,3.494655647382924,0.36765298298955884,71.0605,14.550277580371656
2026-03-04,81.4,74.66,5134.7,439.279,6.740000000000009,4.076317320172344,0.683548568075585,0.0,0.0021468860393856204,0.09231535973433005,3.3946556473829297,0.34498955568515877,71.75450000000001,13.442362499912894
2026-03-05,85.41,81.01,5078.7,439.279,4.3999999999999915,4.976543796440985,0.6354334696554262,0.049262899262899174,-0.010906187313767135,0.03464738313680464,1.054655647382912,0.3714414895564273,72.6375,17.583892617449656
2026-03-06,92.69,90.9,5158.7,443.103,1.789999999999992,6.560121528880784,0.6181853568495227,0.0852359208523592,0.01575206253568817,0.16486573756377246,-1.5553443526170874,0.4501116431877287,73.8845,25.452564475634258
2026-03-07,92.69,90.9,5158.7,443.103,1.789999999999992,7.628824476597836,0.6216571971842396,0.0,0.0,0.16260942502967188,-1.5553443526170874,0.4514929773133649,75.1205,23.388422601021013
2026-03-08,92.69,90.9,5158.7,443.103,1.789999999999992,8.375352482763228,0.6261478476843694,0.0,0.0,0.15163895511818976,-1.5553443526170874,0.4514929773133649,76.3565,21.391106192662054
2026-03-09,98.96,91.48,5103.7,443.103,7.47999999999999,9.465227719895392,0.6101384691791375,0.0676448376308123,-0.010661600790896952,-0.030789858072740487,4.13465564738291,0.4699161174608545,77.961,26.935262503046392
2026-03-10,87.8,82.1,5242.1,443.103,5.700000000000003,9.502574651114442,0.6504148430655783,-0.11277283751010503,0.027117581362541054,-0.36000244955013094,2.3546556473829234,0.6572817077868328,78.86249999999998,11.333016325883678
2026-03-11,91.98,86.07,5179.1,443.103,5.910000000000011,9.756663364081142,0.9136831546054227,0.047608200455580896,-0.012018084355506331,-0.38503310079511843,2.5646556473829314,0.6685210705025153,79.898,15.121780269844063
2026-03-12,100.46,94.43,5125.8,443.103,6.029999999999987,10.550659944437673,0.9090619091923663,0.09219395520765383,-0.01029136336429115,-0.4138654979558724,2.6846556473829075,0.7216211086875345,81.356,23.481980431682974
2026-03-13,103.14,96.84,5061.7,449.259,6.299999999999997,11.327057312842788,0.9105077082447475,0.02667728449133988,-0.012505365016192704,-0.41511292701338315,2.9546556473829177,0.7188662533310926,82.94800000000001,24.34296185562038
2026-03-14,103.14,96.84,5061.7,449.259,6.299999999999997,11.830144368919532,0.9134645797384258,0.0,0.0,-0.41511292701338315,2.9546556473829177,0.7188662533310926,84.53999999999999,22.00141944641591
2026-03-15,103.14,96.84,5061.7,449.259,6.299999999999997,12.10625191900124,0.9149074886363151,0.0,0.0,-0.4171357016150162,2.9546556473829177,0.7197612174287349,86.1225,19.759644692153618
2026-03-16,96.04,93.5,5039.4,449.259,2.5400000000000063,11.732532997026757,0.8903579844763349,-0.06883847197983317,-0.004405634470632469,-0.3850920725744941,-0.8053443526170732,0.7795115644342613,87.386,9.903188153708845
2026-03-17,99.39,96.21,5045.6,449.259,3.180000000000007,11.34465888703421,0.8774668342209395,0.03488129945855878,0.001230305195063064,-0.37328195032817274,-0.1653443526170726,0.7798677245894416,88.813,11.909292558521836
2026-03-18,102.92,96.32,4932.9,449.259,6.6000000000000085,10.921524992321434,0.8675991738054869,0.03551665157460504,-0.022336293007769292,-0.3786056403985888,3.254655647382929,0.7785478140618431,90.42150000000001,13.822486908533913
2026-03-19,103.78,96.14,4640.5,449.259,7.640000000000001,10.447568478132636,0.8742320670144096,0.008356004663816474,-0.0592754768999979,-0.2495367867689814,4.294655647382921,0.7794437357938603,91.9865,12.820903067297913
2026-03-20,106.41,98.32,4609.6,456.185,8.090000000000003,9.851138379315824,0.8622625751092886,0.02534206976296005,-0.006658765219265117,-0.24423725805463195,4.744655647382924,0.7763182476847555,93.683,13.585175538785041
